time,voltage,rul
0,4.191902341,28550
1,4.152207761,28549
2,4.116883545,28548
3,4.088149894,28547
4,4.06665203,28546
5,4.043969453,28545
6,4.026875392,28544
7,4.009156598,28543
8,3.996129901,28542
9,3.985236584,28541
10,3.974360286,28540
11,3.968211621,28539
12,3.960016136,28538
13,3.952994106,28537
14,3.949194162,28536
15,3.942106163,28535
16,3.938919635,28534
17,3.934476677,28533
18,3.932030191,28532
19,3.927565205,28531
20,3.927799892,28530
21,3.923597294,28529
22,3.922598633,28528
23,3.918702937,28527
24,3.918358834,28526
25,3.916791641,28525
26,3.914216619,28524
27,3.914167938,28523
28,3.911736399,28522
29,3.911395328,28521
30,3.911578927,28520
31,3.908266731,28519
32,3.907185423,28518
33,3.905444991,28517
34,3.905500439,28516
35,3.907125832,28515
36,3.907082827,28514
37,3.905445908,28513
38,3.902303096,28512
39,3.904943876,28511
40,3.901900293,28510
41,3.900585187,28509
42,3.902855843,28508
43,3.900658772,28507
44,3.900250631,28506
45,3.900867641,28505
46,3.899793917,28504
47,3.899363504,28503
48,3.897367656,28502
49,3.899226851,28501
50,3.895246554,28500
51,3.896083554,28499
52,3.897132439,28498
53,3.895985795,28497
54,3.894775728,28496
55,3.896392838,28495
56,3.893897801,28494
57,3.894073752,28493
58,3.893437918,28492
59,3.893209972,28491
60,3.891920939,28490
61,3.892546352,28489
62,3.8923326,28488
63,3.891568776,28487
64,3.888487935,28486
65,3.889401011,28485
66,3.889914901,28484
67,3.887898135,28483
68,3.889219556,28482
69,3.887540303,28481
70,3.888047136,28480
71,3.889226998,28479
72,3.885421448,28478
73,3.886400872,28477
74,3.885092821,28476
75,3.885800192,28475
76,3.886251725,28474
77,3.885322957,28473
78,3.885220121,28472
79,3.884187054,28471
80,3.883988667,28470
81,3.883523952,28469
82,3.882513353,28468
83,3.883217042,28467
84,3.882856712,28466
85,3.881699689,28465
86,3.880714802,28464
87,3.881396097,28463
88,3.881243293,28462
89,3.880708885,28461
90,3.881825359,28460
91,3.878304395,28459
92,3.879363876,28458
93,3.87860369,28457
94,3.878105742,28456
95,3.877550296,28455
96,3.87858515,28454
97,3.875367154,28453
98,3.873092215,28452
99,3.875842222,28451
100,3.873450626,28450
101,3.876814842,28449
102,3.876728901,28448
103,3.875312513,28447
104,3.872105527,28446
105,3.872109352,28445
106,3.873861439,28444
107,3.873887287,28443
108,3.872368119,28442
109,3.871272058,28441
110,3.871051023,28440
111,3.870370573,28439
112,3.869420585,28438
113,3.870113581,28437
114,3.870043338,28436
115,3.869365155,28435
116,3.866497614,28434
117,3.866726797,28433
118,3.866758143,28432
119,3.869332911,28431
120,3.867685519,28430
121,3.867560176,28429
122,3.865476868,28428
123,3.8665472,28427
124,3.865348523,28426
125,3.866633011,28425
126,3.864661521,28424
127,3.863593128,28423
128,3.863330616,28422
129,3.861836734,28421
130,3.864309628,28420
131,3.86238538,28419
132,3.863357714,28418
133,3.86149014,28417
134,3.860794636,28416
135,3.861291237,28415
136,3.86008783,28414
137,3.859424845,28413
138,3.85933075,28412
139,3.859498206,28411
140,3.858630319,28410
141,3.858906297,28409
142,3.857002826,28408
143,3.85899858,28407
144,3.855042939,28406
145,3.85564939,28405
146,3.858664663,28404
147,3.854375112,28403
148,3.856777446,28402
149,3.856147155,28401
150,3.856987204,28400
151,3.854650236,28399
152,3.853454145,28398
153,3.853271043,28397
154,3.853602529,28396
155,3.852928184,28395
156,3.853932533,28394
157,3.851610509,28393
158,3.848978527,28392
159,3.85184786,28391
160,3.852658753,28390
161,3.851228403,28389
162,3.850667958,28388
163,3.850990703,28387
164,3.850251466,28386
165,3.849733148,28385
166,3.848444089,28384
167,3.849288218,28383
168,3.847492222,28382
169,3.846422385,28381
170,3.847510158,28380
171,3.847266623,28379
172,3.843558771,28378
173,3.847389527,28377
174,3.845359937,28376
175,3.844261273,28375
176,3.845388251,28374
177,3.844780156,28373
178,3.843971074,28372
179,3.843319114,28371
180,3.84346142,28370
181,3.841583692,28369
182,3.842839739,28368
183,3.842338532,28367
184,3.83967156,28366
185,3.8417926,28365
186,3.840176856,28364
187,3.838616972,28363
188,3.841031545,28362
189,3.841073267,28361
190,3.838849746,28360
191,3.838981717,28359
192,3.838786693,28358
193,3.83887281,28357
194,3.838168626,28356
195,3.836373302,28355
196,3.837243399,28354
197,3.836966337,28353
198,3.83628745,28352
199,3.833360963,28351
200,3.834881519,28350
201,3.834761826,28349
202,3.834151318,28348
203,3.835810821,28347
204,3.834451471,28346
205,3.834796933,28345
206,3.832416915,28344
207,3.833916514,28343
208,3.833300965,28342
209,3.831570611,28341
210,3.83107945,28340
211,3.831571192,28339
212,3.832492902,28338
213,3.83146646,28337
214,3.830620704,28336
215,3.830606625,28335
216,3.83060276,28334
217,3.827899233,28333
218,3.829932241,28332
219,3.828788991,28331
220,3.828298688,28330
221,3.827676931,28329
222,3.828323501,28328
223,3.826232672,28327
224,3.826351708,28326
225,3.82691881,28325
226,3.825673121,28324
227,3.825005332,28323
228,3.824553919,28322
229,3.824030154,28321
230,3.823797572,28320
231,3.823892093,28319
232,3.825636974,28318
233,3.823680024,28317
234,3.82261534,28316
235,3.822680299,28315
236,3.822585001,28314
237,3.820866685,28313
238,3.821014417,28312
239,3.819378722,28311
240,3.821155369,28310
241,3.822064435,28309
242,3.818867006,28308
243,3.817887234,28307
244,3.818644148,28306
245,3.818323713,28305
246,3.8193086,28304
247,3.816936362,28303
248,3.816430759,28302
249,3.816647742,28301
250,3.817533713,28300
251,3.817117144,28299
252,3.81482039,28298
253,3.815851248,28297
254,3.815018148,28296
255,3.814248102,28295
256,3.814148749,28294
257,3.814748876,28293
258,3.813855243,28292
259,3.814523308,28291
260,3.813255276,28290
261,3.812959081,28289
262,3.812083711,28288
263,3.80986573,28287
264,3.809560159,28286
265,3.812293799,28285
266,3.811192605,28284
267,3.81021885,28283
268,3.810223196,28282
269,3.807851166,28281
270,3.809590945,28280
271,3.809091427,28279
272,3.80846041,28278
273,3.806856956,28277
274,3.809589004,28276
275,3.807975827,28275
276,3.805044404,28274
277,3.806803356,28273
278,3.805879226,28272
279,3.806185445,28271
280,3.807055454,28270
281,3.8053975,28269
282,3.80390459,28268
283,3.80436668,28267
284,3.801858906,28266
285,3.803779767,28265
286,3.804339985,28264
287,3.802774139,28263
288,3.802823625,28262
289,3.801621876,28261
290,3.801667037,28260
291,3.800159235,28259
292,3.799630432,28258
293,3.798870265,28257
294,3.800135092,28256
295,3.799708231,28255
296,3.798096927,28254
297,3.800125973,28253
298,3.798760694,28252
299,3.797344948,28251
300,3.800456634,28250
301,3.798241922,28249
302,3.797444248,28248
303,3.799420403,28247
304,3.796444572,28246
305,3.795888675,28245
306,3.797311067,28244
307,3.796122724,28243
308,3.793589847,28242
309,3.794581335,28241
310,3.793363022,28240
311,3.793478924,28239
312,3.794739835,28238
313,3.793916767,28237
314,3.792745185,28236
315,3.792460629,28235
316,3.791968644,28234
317,3.791313261,28233
318,3.792155219,28232
319,3.789112692,28231
320,3.790015544,28230
321,3.791392167,28229
322,3.789835788,28228
323,3.788454781,28227
324,3.790537018,28226
325,3.789071344,28225
326,3.788106804,28224
327,3.787280308,28223
328,3.789276069,28222
329,3.785290843,28221
330,3.788749825,28220
331,3.788423576,28219
332,3.786369666,28218
333,3.788998559,28217
334,3.785466625,28216
335,3.785646117,28215
336,3.786245022,28214
337,3.785396943,28213
338,3.784647157,28212
339,3.784500387,28211
340,3.783731529,28210
341,3.784322469,28209
342,3.783126979,28208
343,3.783482333,28207
344,3.782478972,28206
345,3.782468136,28205
346,3.781511123,28204
347,3.780580011,28203
348,3.781886545,28202
349,3.780173172,28201
350,3.780670092,28200
351,3.780716566,28199
352,3.778269204,28198
353,3.77905556,28197
354,3.778034788,28196
355,3.77799925,28195
356,3.780115256,28194
357,3.779274293,28193
358,3.777039492,28192
359,3.77734889,28191
360,3.776441227,28190
361,3.774345928,28189
362,3.775386845,28188
363,3.77589844,28187
364,3.775322897,28186
365,3.774364712,28185
366,3.775873621,28184
367,3.774911903,28183
368,3.775727118,28182
369,3.773161888,28181
370,3.774248458,28180
371,3.772225934,28179
372,3.771633226,28178
373,3.772349099,28177
374,3.770011902,28176
375,3.769961961,28175
376,3.773417117,28174
377,3.769806982,28173
378,3.77096895,28172
379,3.770624934,28171
380,3.771702542,28170
381,3.770100872,28169
382,3.771731994,28168
383,3.770434088,28167
384,3.768529818,28166
385,3.768500343,28165
386,3.769692667,28164
387,3.766256656,28163
388,3.768163936,28162
389,3.767451924,28161
390,3.766655804,28160
391,3.764203137,28159
392,3.76725965,28158
393,3.766137371,28157
394,3.764510858,28156
395,3.763995409,28155
396,3.765643058,28154
397,3.765482572,28153
398,3.762889607,28152
399,3.763325315,28151
400,3.764308292,28150
401,3.763570624,28149
402,3.763183235,28148
403,3.761745178,28147
404,3.76209897,28146
405,3.760479106,28145
406,3.763156975,28144
407,3.761727771,28143
408,3.758580156,28142
409,3.76087256,28141
410,3.760993929,28140
411,3.761069429,28139
412,3.758846231,28138
413,3.759307317,28137
414,3.757534798,28136
415,3.757703154,28135
416,3.759211022,28134
417,3.758207254,28133
418,3.757600902,28132
419,3.760041167,28131
420,3.756822088,28130
421,3.758459244,28129
422,3.756256309,28128
423,3.757251781,28127
424,3.755854272,28126
425,3.754343327,28125
426,3.752920196,28124
427,3.752168281,28123
428,3.753955408,28122
429,3.753992377,28121
430,3.753366448,28120
431,3.75436977,28119
432,3.750835315,28118
433,3.751094071,28117
434,3.752144446,28116
435,3.752373234,28115
436,3.752246318,28114
437,3.750803815,28113
438,3.750457572,28112
439,3.749710556,28111
440,3.747350043,28110
441,3.7504938,28109
442,3.748842454,28108
443,3.749539042,28107
444,3.748599195,28106
445,3.750338933,28105
446,3.749697544,28104
447,3.747120835,28103
448,3.748112546,28102
449,3.747142268,28101
450,3.745891769,28100
451,3.746127416,28099
452,3.746105479,28098
453,3.745724834,28097
454,3.746480211,28096
455,3.745162327,28095
456,3.743919691,28094
457,3.744983407,28093
458,3.744309444,28092
459,3.74464719,28091
460,3.744441658,28090
461,3.742703203,28089
462,3.743387283,28088
463,3.742610327,28087
464,3.74262045,28086
465,3.743245929,28085
466,3.742816395,28084
467,3.743522724,28083
468,3.740872724,28082
469,3.741688627,28081
470,3.740418814,28080
471,3.739688213,28079
472,3.740049727,28078
473,3.741118191,28077
474,3.741544162,28076
475,3.740676584,28075
476,3.73688848,28074
477,3.739151783,28073
478,3.739093536,28072
479,3.736557045,28071
480,3.737927548,28070
481,3.73615615,28069
482,3.73457169,28068
483,3.736360157,28067
484,3.735428679,28066
485,3.736683076,28065
486,3.733838992,28064
487,3.734297876,28063
488,3.735601405,28062
489,3.73617692,28061
490,3.735012168,28060
491,3.733456019,28059
492,3.732974522,28058
493,3.733154396,28057
494,3.733405035,28056
495,3.732533874,28055
496,3.732456067,28054
497,3.732016845,28053
498,3.731137273,28052
499,3.730073563,28051
500,3.731247807,28050
501,3.728836287,28049
502,3.730299815,28048
503,3.729206028,28047
504,3.729997244,28046
505,3.729593182,28045
506,3.729940475,28044
507,3.727733273,28043
508,3.729952746,28042
509,3.728881304,28041
510,3.729174399,28040
511,3.728318822,28039
512,3.72836687,28038
513,3.727703529,28037
514,3.727773825,28036
515,3.72686351,28035
516,3.727838546,28034
517,3.725248632,28033
518,3.725568043,28032
519,3.725865704,28031
520,3.723781217,28030
521,3.726136485,28029
522,3.72636868,28028
523,3.724214179,28027
524,3.724959347,28026
525,3.724911595,28025
526,3.723407856,28024
527,3.724214842,28023
528,3.721960168,28022
529,3.72258514,28021
530,3.722121412,28020
531,3.721219436,28019
532,3.719507623,28018
533,3.720537456,28017
534,3.71977565,28016
535,3.721231265,28015
536,3.721416893,28014
537,3.721770782,28013
538,3.721116269,28012
539,3.718916847,28011
540,3.719375944,28010
541,3.719840019,28009
542,3.720855303,28008
543,3.71999189,28007
544,3.71873515,28006
545,3.716942352,28005
546,3.719036132,28004
547,3.718996322,28003
548,3.718721062,28002
549,3.719790609,28001
550,3.715389298,28000
551,3.715572306,27999
552,3.716841336,27998
553,3.714208529,27997
554,3.716891214,27996
555,3.715547691,27995
556,3.713626721,27994
557,3.714768506,27993
558,3.71371477,27992
559,3.715522338,27991
560,3.715004879,27990
561,3.713260303,27989
562,3.714650272,27988
563,3.712218982,27987
564,3.713678038,27986
565,3.71258209,27985
566,3.714030744,27984
567,3.711660113,27983
568,3.711478945,27982
569,3.712532109,27981
570,3.710609118,27980
571,3.711065794,27979
572,3.710854261,27978
573,3.712365662,27977
574,3.710483508,27976
575,3.709803984,27975
576,3.711379716,27974
577,3.710401207,27973
578,3.707721597,27972
579,3.709719583,27971
580,3.708871634,27970
581,3.706428328,27969
582,3.707760793,27968
583,3.709643479,27967
584,3.706699386,27966
585,3.706831407,27965
586,3.7073876,27964
587,3.70644639,27963
588,3.706484707,27962
589,3.705761856,27961
590,3.705161651,27960
591,3.705456154,27959
592,3.705495837,27958
593,3.703458067,27957
594,3.704568888,27956
595,3.704490838,27955
596,3.703749399,27954
597,3.705447895,27953
598,3.702431619,27952
599,3.704109007,27951
600,3.704726697,27950
601,3.701548362,27949
602,3.702892217,27948
603,3.702491967,27947
604,3.701898157,27946
605,3.701599055,27945
606,3.701151771,27944
607,3.700186644,27943
608,3.700693881,27942
609,3.697800086,27941
610,3.700745634,27940
611,3.699429557,27939
612,3.699300023,27938
613,3.699746898,27937
614,3.700228041,27936
615,3.698063885,27935
616,3.698081486,27934
617,3.701754346,27933
618,3.698861293,27932
619,3.695642999,27931
620,3.695394118,27930
621,3.697383593,27929
622,3.697024992,27928
623,3.69731163,27927
624,3.698069629,27926
625,3.695914559,27925
626,3.695800388,27924
627,3.696339432,27923
628,3.696228284,27922
629,3.696457967,27921
630,3.69294747,27920
631,3.695065563,27919
632,3.694500882,27918
633,3.693191826,27917
634,3.694125434,27916
635,3.693823071,27915
636,3.693510899,27914
637,3.694637061,27913
638,3.691502525,27912
639,3.692345948,27911
640,3.693006336,27910
641,3.691114733,27909
642,3.691699021,27908
643,3.691816347,27907
644,3.693205022,27906
645,3.693506586,27905
646,3.69011938,27904
647,3.69081407,27903
648,3.689507778,27902
649,3.690798132,27901
650,3.689657922,27900
651,3.688405633,27899
652,3.690674542,27898
653,3.689742942,27897
654,3.689559861,27896
655,3.687955211,27895
656,3.688305022,27894
657,3.690015144,27893
658,3.690365567,27892
659,3.68816612,27891
660,3.687373559,27890
661,3.686149789,27889
662,3.687744277,27888
663,3.687937259,27887
664,3.686639802,27886
665,3.685786076,27885
666,3.685784885,27884
667,3.686163082,27883
668,3.684459143,27882
669,3.684266574,27881
670,3.683101395,27880
671,3.686431595,27879
672,3.684846625,27878
673,3.685397973,27877
674,3.683059217,27876
675,3.683352791,27875
676,3.68047875,27874
677,3.684277217,27873
678,3.682905863,27872
679,3.682227373,27871
680,3.681953558,27870
681,3.68004739,27869
682,3.682005177,27868
683,3.680623535,27867
684,3.681816776,27866
685,3.681584917,27865
686,3.681409624,27864
687,3.681360997,27863
688,3.679801355,27862
689,3.680003,27861
690,3.680987722,27860
691,3.680888449,27859
692,3.680207875,27858
693,3.679445502,27857
694,3.678842925,27856
695,3.679293708,27855
696,3.678999372,27854
697,3.67837898,27853
698,3.679931769,27852
699,3.678160331,27851
700,3.677252686,27850
701,3.677211974,27849
702,3.677768703,27848
703,3.675215572,27847
704,3.675756403,27846
705,3.676824913,27845
706,3.678202678,27844
707,3.677761834,27843
708,3.67624121,27842
709,3.676259672,27841
710,3.675704483,27840
711,3.674462909,27839
712,3.678499008,27838
713,3.673016889,27837
714,3.672527885,27836
715,3.675769511,27835
716,3.673580026,27834
717,3.673740423,27833
718,3.673318248,27832
719,3.672747067,27831
720,3.672187659,27830
721,3.672732762,27829
722,3.673572427,27828
723,3.672066999,27827
724,3.672918224,27826
725,3.673058396,27825
726,3.671193862,27824
727,3.672526469,27823
728,3.671203283,27822
729,3.67121723,27821
730,3.670904626,27820
731,3.671218269,27819
732,3.669230004,27818
733,3.671443619,27817
734,3.671007175,27816
735,3.668829798,27815
736,3.667941,27814
737,3.670025947,27813
738,3.670051867,27812
739,3.668295421,27811
740,3.668907745,27810
741,3.668105599,27809
742,3.668767016,27808
743,3.668397757,27807
744,3.665218958,27806
745,3.666314705,27805
746,3.665796436,27804
747,3.667049542,27803
748,3.665230708,27802
749,3.66562096,27801
750,3.667046033,27800
751,3.666870978,27799
752,3.667217042,27798
753,3.664671924,27797
754,3.664079175,27796
755,3.664896181,27795
756,3.662720225,27794
757,3.663919081,27793
758,3.664625344,27792
759,3.662833427,27791
760,3.66451177,27790
761,3.665139466,27789
762,3.662415438,27788
763,3.663058619,27787
764,3.66325443,27786
765,3.664310687,27785
766,3.662922992,27784
767,3.662860299,27783
768,3.661670538,27782
769,3.661732622,27781
770,3.661305876,27780
771,3.66147423,27779
772,3.661251937,27778
773,3.661941303,27777
774,3.660416813,27776
775,3.661834567,27775
776,3.657485618,27774
777,3.658137683,27773
778,3.659114922,27772
779,3.660635129,27771
780,3.660883874,27770
781,3.660058049,27769
782,3.658896227,27768
783,3.658366438,27767
784,3.658595286,27766
785,3.656644169,27765
786,3.659409758,27764
787,3.658674242,27763
788,3.656157554,27762
789,3.657073651,27761
790,3.657203008,27760
791,3.658032386,27759
792,3.658197662,27758
793,3.656780758,27757
794,3.657113493,27756
795,3.656030785,27755
796,3.656153028,27754
797,3.65403445,27753
798,3.654338649,27752
799,3.654716536,27751
800,3.656259737,27750
801,3.654588047,27749
802,3.65519936,27748
803,3.654509229,27747
804,3.652572508,27746
805,3.654545799,27745
806,3.654474518,27744
807,3.653241453,27743
808,3.655033253,27742
809,3.653521003,27741
810,3.654544791,27740
811,3.653313241,27739
812,3.652058694,27738
813,3.65265815,27737
814,3.653731574,27736
815,3.651160869,27735
816,3.65110119,27734
817,3.650717681,27733
818,3.65118068,27732
819,3.651373565,27731
820,3.650992015,27730
821,3.648552309,27729
822,3.650303056,27728
823,3.650844185,27727
824,3.650286756,27726
825,3.650154476,27725
826,3.650333607,27724
827,3.647861142,27723
828,3.649223044,27722
829,3.650305089,27721
830,3.648173866,27720
831,3.649331673,27719
832,3.647508248,27718
833,3.647103121,27717
834,3.647751436,27716
835,3.647011171,27715
836,3.64691883,27714
837,3.647044261,27713
838,3.649345479,27712
839,3.646937322,27711
840,3.647416886,27710
841,3.646863856,27709
842,3.645597389,27708
843,3.646705997,27707
844,3.645393931,27706
845,3.645442993,27705
846,3.646110847,27704
847,3.644428468,27703
848,3.646785141,27702
849,3.6455835,27701
850,3.643058496,27700
851,3.644515261,27699
852,3.646189344,27698
853,3.644877591,27697
854,3.643480196,27696
855,3.642917987,27695
856,3.644126723,27694
857,3.642551092,27693
858,3.643574548,27692
859,3.642614624,27691
860,3.642749104,27690
861,3.64250875,27689
862,3.642615467,27688
863,3.64114617,27687
864,3.639887693,27686
865,3.641713613,27685
866,3.639740251,27684
867,3.639597468,27683
868,3.642421533,27682
869,3.641972222,27681
870,3.641066082,27680
871,3.640141213,27679
872,3.639858018,27678
873,3.641783212,27677
874,3.638651728,27676
875,3.640474203,27675
876,3.640801179,27674
877,3.637736126,27673
878,3.639684826,27672
879,3.640641643,27671
880,3.638223347,27670
881,3.638813403,27669
882,3.637808458,27668
883,3.639131335,27667
884,3.638303843,27666
885,3.639155673,27665
886,3.637207021,27664
887,3.636330201,27663
888,3.637197038,27662
889,3.634948796,27661
890,3.636540852,27660
891,3.635195769,27659
892,3.636849872,27658
893,3.637080651,27657
894,3.635438786,27656
895,3.635595687,27655
896,3.636770313,27654
897,3.634326411,27653
898,3.634438789,27652
899,3.636095432,27651
900,3.633114264,27650
901,3.634611762,27649
902,3.635239706,27648
903,3.634486124,27647
904,3.633065428,27646
905,3.632615984,27645
906,3.632646383,27644
907,3.632897583,27643
908,3.631427125,27642
909,3.633338942,27641
910,3.633250227,27640
911,3.632751198,27639
912,3.632911886,27638
913,3.631983498,27637
914,3.63127597,27636
915,3.631559275,27635
916,3.630620342,27634
917,3.630506108,27633
918,3.629862809,27632
919,3.631108392,27631
920,3.630453551,27630
921,3.631048845,27629
922,3.629755468,27628
923,3.630185227,27627
924,3.629830616,27626
925,3.628585119,27625
926,3.629461829,27624
927,3.629247895,27623
928,3.630414283,27622
929,3.62882601,27621
930,3.627673685,27620
931,3.629766933,27619
932,3.628590905,27618
933,3.627405548,27617
934,3.626593893,27616
935,3.628712045,27615
936,3.628588588,27614
937,3.627779749,27613
938,3.626935357,27612
939,3.62542167,27611
940,3.627146517,27610
941,3.624606104,27609
942,3.627421391,27608
943,3.625777455,27607
944,3.625430734,27606
945,3.62461197,27605
946,3.625112184,27604
947,3.626621943,27603
948,3.624663063,27602
949,3.624834898,27601
950,3.62347244,27600
951,3.622451321,27599
952,3.625135067,27598
953,3.624330355,27597
954,3.623926056,27596
955,3.624654416,27595
956,3.62355241,27594
957,3.623774283,27593
958,3.623448219,27592
959,3.622536351,27591
960,3.622246316,27590
961,3.62324975,27589
962,3.623229497,27588
963,3.624576029,27587
964,3.621529058,27586
965,3.624230025,27585
966,3.622746169,27584
967,3.622812803,27583
968,3.620213039,27582
969,3.621158195,27581
970,3.621054394,27580
971,3.620357873,27579
972,3.620905045,27578
973,3.621751684,27577
974,3.621125785,27576
975,3.621962521,27575
976,3.620069207,27574
977,3.619388722,27573
978,3.61849707,27572
979,3.619286741,27571
980,3.618842308,27570
981,3.618454982,27569
982,3.618304396,27568
983,3.618764901,27567
984,3.618516003,27566
985,3.618022923,27565
986,3.617128416,27564
987,3.617255683,27563
988,3.618823009,27562
989,3.616799767,27561
990,3.617593909,27560
991,3.616689304,27559
992,3.615734375,27558
993,3.617787037,27557
994,3.616072126,27556
995,3.617124149,27555
996,3.615204743,27554
997,3.615576439,27553
998,3.615977623,27552
999,3.615103172,27551
1000,3.615762846,27550
1001,3.615511073,27549
1002,3.61336346,27548
1003,3.614259378,27547
1004,3.613528634,27546
1005,3.615134373,27545
1006,3.612736602,27544
1007,3.614294245,27543
1008,3.613152052,27542
1009,3.614175774,27541
1010,3.6154709,27540
1011,3.61432743,27539
1012,3.612226859,27538
1013,3.61154844,27537
1014,3.61221387,27536
1015,3.612804033,27535
1016,3.612401566,27534
1017,3.6119551,27533
1018,3.610695509,27532
1019,3.609686711,27531
1020,3.610010291,27530
1021,3.612457247,27529
1022,3.610816539,27528
1023,3.611355398,27527
1024,3.612193064,27526
1025,3.609319965,27525
1026,3.60995337,27524
1027,3.608598229,27523
1028,3.609980068,27522
1029,3.609460885,27521
1030,3.608445727,27520
1031,3.609086916,27519
1032,3.610832462,27518
1033,3.606967353,27517
1034,3.608215795,27516
1035,3.609327663,27515
1036,3.608344986,27514
1037,3.607176935,27513
1038,3.607847681,27512
1039,3.608237726,27511
1040,3.609742979,27510
1041,3.606974306,27509
1042,3.607254337,27508
1043,3.606004846,27507
1044,3.607649998,27506
1045,3.606343364,27505
1046,3.606235705,27504
1047,3.604783608,27503
1048,3.607680556,27502
1049,3.606063525,27501
1050,3.605482484,27500
1051,3.605519336,27499
1052,3.603861149,27498
1053,3.607084812,27497
1054,3.604855239,27496
1055,3.603800737,27495
1056,3.605932327,27494
1057,3.605234186,27493
1058,3.604140455,27492
1059,3.603839802,27491
1060,3.603310397,27490
1061,3.602789823,27489
1062,3.603305945,27488
1063,3.601336481,27487
1064,3.603533729,27486
1065,3.602508549,27485
1066,3.602508183,27484
1067,3.602988505,27483
1068,3.601630157,27482
1069,3.601868404,27481
1070,3.600206825,27480
1071,3.601879579,27479
1072,3.602295979,27478
1073,3.602034388,27477
1074,3.600655109,27476
1075,3.602182325,27475
1076,3.599338901,27474
1077,3.598558033,27473
1078,3.59942062,27472
1079,3.59917758,27471
1080,3.600548087,27470
1081,3.598895167,27469
1082,3.599446485,27468
1083,3.599196175,27467
1084,3.600744479,27466
1085,3.600148358,27465
1086,3.599659171,27464
1087,3.599079579,27463
1088,3.598702132,27462
1089,3.599920109,27461
1090,3.597349088,27460
1091,3.598091412,27459
1092,3.596582638,27458
1093,3.596850081,27457
1094,3.599281599,27456
1095,3.596704881,27455
1096,3.597419035,27454
1097,3.597076261,27453
1098,3.595753364,27452
1099,3.595669114,27451
1100,3.594981018,27450
1101,3.595672132,27449
1102,3.596697098,27448
1103,3.595709967,27447
1104,3.59577088,27446
1105,3.595696569,27445
1106,3.59315261,27444
1107,3.595290851,27443
1108,3.594644666,27442
1109,3.594755876,27441
1110,3.594429822,27440
1111,3.594020316,27439
1112,3.594292822,27438
1113,3.593941828,27437
1114,3.592321933,27436
1115,3.592765071,27435
1116,3.59470804,27434
1117,3.592451708,27433
1118,3.59343518,27432
1119,3.593495565,27431
1120,3.591809552,27430
1121,3.590405961,27429
1122,3.589758153,27428
1123,3.591455061,27427
1124,3.591350517,27426
1125,3.589178031,27425
1126,3.59075961,27424
1127,3.590540127,27423
1128,3.590020073,27422
1129,3.589535449,27421
1130,3.590723006,27420
1131,3.590651269,27419
1132,3.589573724,27418
1133,3.589673882,27417
1134,3.588840413,27416
1135,3.589038676,27415
1136,3.590177126,27414
1137,3.588686421,27413
1138,3.587868389,27412
1139,3.58897263,27411
1140,3.58704401,27410
1141,3.587672339,27409
1142,3.588074182,27408
1143,3.586454606,27407
1144,3.585500302,27406
1145,3.586065432,27405
1146,3.587704952,27404
1147,3.588566289,27403
1148,3.586388975,27402
1149,3.587396143,27401
1150,3.586089258,27400
1151,3.586172997,27399
1152,3.58486156,27398
1153,3.585945209,27397
1154,3.585748347,27396
1155,3.586283463,27395
1156,3.586627373,27394
1157,3.583990023,27393
1158,3.584505604,27392
1159,3.584922066,27391
1160,3.583949048,27390
1161,3.581736714,27389
1162,3.584328625,27388
1163,3.583336694,27387
1164,3.583919092,27386
1165,3.584339527,27385
1166,3.581758506,27384
1167,3.581100845,27383
1168,3.582045509,27382
1169,3.582695733,27381
1170,3.582890861,27380
1171,3.581199196,27379
1172,3.580540186,27378
1173,3.582755962,27377
1174,3.583133679,27376
1175,3.580835667,27375
1176,3.580801326,27374
1177,3.580551963,27373
1178,3.58210231,27372
1179,3.580737257,27371
1180,3.580509883,27370
1181,3.579344993,27369
1182,3.581296881,27368
1183,3.580433149,27367
1184,3.576758185,27366
1185,3.579878753,27365
1186,3.578040745,27364
1187,3.57875635,27363
1188,3.578681371,27362
1189,3.578615853,27361
1190,3.5789587,27360
1191,3.575846432,27359
1192,3.577011185,27358
1193,3.577506732,27357
1194,3.576238104,27356
1195,3.579002342,27355
1196,3.577106192,27354
1197,3.575576935,27353
1198,3.57703082,27352
1199,3.575799717,27351
1200,3.576871338,27350
1201,3.575314633,27349
1202,3.576005851,27348
1203,3.574960205,27347
1204,3.574333526,27346
1205,3.57365496,27345
1206,3.574263445,27344
1207,3.576543062,27343
1208,3.573958625,27342
1209,3.573526821,27341
1210,3.574263682,27340
1211,3.573931412,27339
1212,3.573920608,27338
1213,3.574015731,27337
1214,3.572057509,27336
1215,3.573564143,27335
1216,3.571992965,27334
1217,3.573926987,27333
1218,3.571214991,27332
1219,3.572181202,27331
1220,3.571191796,27330
1221,3.572697028,27329
1222,3.572710041,27328
1223,3.570466959,27327
1224,3.571525169,27326
1225,3.570534371,27325
1226,3.570488628,27324
1227,3.57027346,27323
1228,3.571728855,27322
1229,3.569757022,27321
1230,3.571330625,27320
1231,3.568789307,27319
1232,3.570281988,27318
1233,3.569862567,27317
1234,3.570220204,27316
1235,3.568342943,27315
1236,3.56837812,27314
1237,3.567190297,27313
1238,3.567855245,27312
1239,3.5680721,27311
1240,3.567668264,27310
1241,3.567007588,27309
1242,3.568902112,27308
1243,3.567076143,27307
1244,3.565561507,27306
1245,3.566785598,27305
1246,3.565943269,27304
1247,3.567550285,27303
1248,3.566767243,27302
1249,3.568662857,27301
1250,3.565556775,27300
1251,3.564997658,27299
1252,3.566836148,27298
1253,3.565629064,27297
1254,3.562293265,27296
1255,3.564169615,27295
1256,3.564845077,27294
1257,3.561726423,27293
1258,3.564689218,27292
1259,3.564323127,27291
1260,3.564383381,27290
1261,3.562947716,27289
1262,3.563861699,27288
1263,3.561900879,27287
1264,3.563899,27286
1265,3.562392766,27285
1266,3.562488017,27284
1267,3.563161796,27283
1268,3.562013818,27282
1269,3.56192463,27281
1270,3.561383963,27280
1271,3.562468553,27279
1272,3.561836131,27278
1273,3.563761008,27277
1274,3.560241783,27276
1275,3.559909555,27275
1276,3.561728606,27274
1277,3.560525424,27273
1278,3.561548314,27272
1279,3.559418102,27271
1280,3.560197046,27270
1281,3.559209624,27269
1282,3.560239075,27268
1283,3.558167907,27267
1284,3.558847713,27266
1285,3.561129609,27265
1286,3.558472414,27264
1287,3.557954267,27263
1288,3.558201086,27262
1289,3.558919831,27261
1290,3.558347192,27260
1291,3.556625891,27259
1292,3.556546553,27258
1293,3.556079966,27257
1294,3.559025534,27256
1295,3.55652278,27255
1296,3.556676532,27254
1297,3.556118512,27253
1298,3.557687605,27252
1299,3.556822419,27251
1300,3.555026572,27250
1301,3.555112614,27249
1302,3.5540897,27248
1303,3.55403177,27247
1304,3.552082876,27246
1305,3.556071588,27245
1306,3.554984914,27244
1307,3.554516575,27243
1308,3.553008215,27242
1309,3.553644429,27241
1310,3.55194811,27240
1311,3.555456134,27239
1312,3.553920618,27238
1313,3.552856965,27237
1314,3.551157527,27236
1315,3.55143827,27235
1316,3.552954623,27234
1317,3.553043372,27233
1318,3.552368259,27232
1319,3.551547822,27231
1320,3.551557748,27230
1321,3.550571566,27229
1322,3.548673531,27228
1323,3.550576108,27227
1324,3.548720215,27226
1325,3.550560142,27225
1326,3.548520192,27224
1327,3.550630591,27223
1328,3.550047761,27222
1329,3.549181034,27221
1330,3.548540153,27220
1331,3.549134919,27219
1332,3.547804322,27218
1333,3.545484489,27217
1334,3.548172367,27216
1335,3.545721412,27215
1336,3.547238043,27214
1337,3.545512689,27213
1338,3.547844736,27212
1339,3.54460702,27211
1340,3.546958978,27210
1341,3.547139376,27209
1342,3.547067404,27208
1343,3.545939119,27207
1344,3.545865392,27206
1345,3.545549722,27205
1346,3.545466879,27204
1347,3.543856878,27203
1348,3.546539494,27202
1349,3.544652554,27201
1350,3.546668372,27200
1351,3.545677486,27199
1352,3.54375581,27198
1353,3.545273574,27197
1354,3.542923508,27196
1355,3.542702109,27195
1356,3.543966616,27194
1357,3.543691869,27193
1358,3.543346514,27192
1359,3.541920774,27191
1360,3.542504088,27190
1361,3.544321041,27189
1362,3.543121892,27188
1363,3.542581752,27187
1364,3.54254691,27186
1365,3.539555291,27185
1366,3.540326324,27184
1367,3.539974452,27183
1368,3.541651985,27182
1369,3.54139344,27181
1370,3.539510141,27180
1371,3.54044927,27179
1372,3.539683367,27178
1373,3.540235978,27177
1374,3.541363846,27176
1375,3.540661383,27175
1376,3.538509725,27174
1377,3.538160407,27173
1378,3.538009693,27172
1379,3.538061879,27171
1380,3.538750386,27170
1381,3.539671576,27169
1382,3.537565804,27168
1383,3.538682491,27167
1384,3.538638167,27166
1385,3.537428751,27165
1386,3.535463849,27164
1387,3.536862152,27163
1388,3.536071867,27162
1389,3.538627869,27161
1390,3.535908357,27160
1391,3.534186574,27159
1392,3.536359793,27158
1393,3.536058284,27157
1394,3.534912179,27156
1395,3.535842142,27155
1396,3.535121653,27154
1397,3.536361005,27153
1398,3.5350789,27152
1399,3.535639582,27151
1400,3.533469514,27150
1401,3.533731303,27149
1402,3.532872423,27148
1403,3.531682944,27147
1404,3.533520398,27146
1405,3.532518329,27145
1406,3.532167368,27144
1407,3.531937337,27143
1408,3.534162405,27142
1409,3.533379935,27141
1410,3.531123824,27140
1411,3.531763008,27139
1412,3.530607074,27138
1413,3.53101632,27137
1414,3.530821802,27136
1415,3.529941468,27135
1416,3.531351007,27134
1417,3.530806237,27133
1418,3.53020103,27132
1419,3.530027622,27131
1420,3.529740908,27130
1421,3.531759012,27129
1422,3.529963293,27128
1423,3.529686517,27127
1424,3.527665274,27126
1425,3.526157469,27125
1426,3.527437413,27124
1427,3.528870595,27123
1428,3.528740852,27122
1429,3.526445114,27121
1430,3.52748046,27120
1431,3.526643898,27119
1432,3.527873066,27118
1433,3.527231634,27117
1434,3.527754842,27116
1435,3.52646836,27115
1436,3.525130124,27114
1437,3.526676519,27113
1438,3.526665531,27112
1439,3.526201598,27111
1440,3.528866681,27110
1441,3.524474247,27109
1442,3.525188663,27108
1443,3.524475701,27107
1444,3.525460816,27106
1445,3.524647629,27105
1446,3.523228529,27104
1447,3.523655854,27103
1448,3.525359135,27102
1449,3.522179254,27101
1450,3.525455766,27100
1451,3.521387577,27099
1452,3.522944163,27098
1453,3.522633603,27097
1454,3.522721959,27096
1455,3.522788006,27095
1456,3.523562018,27094
1457,3.521208477,27093
1458,3.52153865,27092
1459,3.520998802,27091
1460,3.521640673,27090
1461,3.51993663,27089
1462,3.521697568,27088
1463,3.520477122,27087
1464,3.521371438,27086
1465,3.519625627,27085
1466,3.519381684,27084
1467,3.519268829,27083
1468,3.517651854,27082
1469,3.5191192,27081
1470,3.516623915,27080
1471,3.517510039,27079
1472,3.519530787,27078
1473,3.518700486,27077
1474,3.519534513,27076
1475,3.518463995,27075
1476,3.516116841,27074
1477,3.518218771,27073
1478,3.5176771,27072
1479,3.516205153,27071
1480,3.517191382,27070
1481,3.518956573,27069
1482,3.516603914,27068
1483,3.518289169,27067
1484,3.516359256,27066
1485,3.515944243,27065
1486,3.518096827,27064
1487,3.515916212,27063
1488,3.514905667,27062
1489,3.513760376,27061
1490,3.516380154,27060
1491,3.515067027,27059
1492,3.515878898,27058
1493,3.513582846,27057
1494,3.513220545,27056
1495,3.512663088,27055
1496,3.512696742,27054
1497,3.514165299,27053
1498,3.514291628,27052
1499,3.513238558,27051
1500,3.512924948,27050
1501,3.513266707,27049
1502,3.511626339,27048
1503,3.513571888,27047
1504,3.511341436,27046
1505,3.51111027,27045
1506,3.51042994,27044
1507,3.510598263,27043
1508,3.510143245,27042
1509,3.511379719,27041
1510,3.511813229,27040
1511,3.510243156,27039
1512,3.50918804,27038
1513,3.510151476,27037
1514,3.509180186,27036
1515,3.509258057,27035
1516,3.508180864,27034
1517,3.508916853,27033
1518,3.510423869,27032
1519,3.508874791,27031
1520,3.509689134,27030
1521,3.50845142,27029
1522,3.507224644,27028
1523,3.508392369,27027
1524,3.50765993,27026
1525,3.506574257,27025
1526,3.506827883,27024
1527,3.506760288,27023
1528,3.50639199,27022
1529,3.507000152,27021
1530,3.503403848,27020
1531,3.506328565,27019
1532,3.504740945,27018
1533,3.505148452,27017
1534,3.504939739,27016
1535,3.503636027,27015
1536,3.505129253,27014
1537,3.50494422,27013
1538,3.503609496,27012
1539,3.504873944,27011
1540,3.503890838,27010
1541,3.503350882,27009
1542,3.504844195,27008
1543,3.50526894,27007
1544,3.504725045,27006
1545,3.502655535,27005
1546,3.502058894,27004
1547,3.503353921,27003
1548,3.503124781,27002
1549,3.502602105,27001
1550,3.502504098,27000
1551,3.501701568,26999
1552,3.502904295,26998
1553,3.500962507,26997
1554,3.502420506,26996
1555,3.501831287,26995
1556,3.499935462,26994
1557,3.500492534,26993
1558,3.501115111,26992
1559,3.499735199,26991
1560,3.499377577,26990
1561,3.500562412,26989
1562,3.499759983,26988
1563,3.500694371,26987
1564,3.500958807,26986
1565,3.500848261,26985
1566,3.499567603,26984
1567,3.499168071,26983
1568,3.498172883,26982
1569,3.498050842,26981
1570,3.499859021,26980
1571,3.497896962,26979
1572,3.49910859,26978
1573,3.498502298,26977
1574,3.498044298,26976
1575,3.497190964,26975
1576,3.496228917,26974
1577,3.497091897,26973
1578,3.496365631,26972
1579,3.496376154,26971
1580,3.494810858,26970
1581,3.496699604,26969
1582,3.494774723,26968
1583,3.494833825,26967
1584,3.495784805,26966
1585,3.494809932,26965
1586,3.495824356,26964
1587,3.494852944,26963
1588,3.494563151,26962
1589,3.495760492,26961
1590,3.496620694,26960
1591,3.493691782,26959
1592,3.496104267,26958
1593,3.494698851,26957
1594,3.491954855,26956
1595,3.492971674,26955
1596,3.493338143,26954
1597,3.492974634,26953
1598,3.493180371,26952
1599,3.491999801,26951
1600,3.491564414,26950
1601,3.492223521,26949
1602,3.491991341,26948
1603,3.492247989,26947
1604,3.490448236,26946
1605,3.492698643,26945
1606,3.490236601,26944
1607,3.491127052,26943
1608,3.491382748,26942
1609,3.490998614,26941
1610,3.490045917,26940
1611,3.491547319,26939
1612,3.492155856,26938
1613,3.489463441,26937
1614,3.490037572,26936
1615,3.491166527,26935
1616,3.491033957,26934
1617,3.490086696,26933
1618,3.490286328,26932
1619,3.488896903,26931
1620,3.488350986,26930
1621,3.488488972,26929
1622,3.488949434,26928
1623,3.488062174,26927
1624,3.487393611,26926
1625,3.489406798,26925
1626,3.486753275,26924
1627,3.486157895,26923
1628,3.486061705,26922
1629,3.486381163,26921
1630,3.486381799,26920
1631,3.485545066,26919
1632,3.486399379,26918
1633,3.485793099,26917
1634,3.486525803,26916
1635,3.486925106,26915
1636,3.48597716,26914
1637,3.485577057,26913
1638,3.483783499,26912
1639,3.484902769,26911
1640,3.485022515,26910
1641,3.483373443,26909
1642,3.484849972,26908
1643,3.484550636,26907
1644,3.482388893,26906
1645,3.483870906,26905
1646,3.483189804,26904
1647,3.482923315,26903
1648,3.48368708,26902
1649,3.482158783,26901
1650,3.482827942,26900
1651,3.482107239,26899
1652,3.482527978,26898
1653,3.482744066,26897
1654,3.483131637,26896
1655,3.481971585,26895
1656,3.481037398,26894
1657,3.480631386,26893
1658,3.48168166,26892
1659,3.480841614,26891
1660,3.479630665,26890
1661,3.481532359,26889
1662,3.482689102,26888
1663,3.480013744,26887
1664,3.480695322,26886
1665,3.479703248,26885
1666,3.479986464,26884
1667,3.482099219,26883
1668,3.478547152,26882
1669,3.478929233,26881
1670,3.479638863,26880
1671,3.479690951,26879
1672,3.479807745,26878
1673,3.478102744,26877
1674,3.478407311,26876
1675,3.478111969,26875
1676,3.479682477,26874
1677,3.478132958,26873
1678,3.477878961,26872
1679,3.47862683,26871
1680,3.47651463,26870
1681,3.477131479,26869
1682,3.477406284,26868
1683,3.477429867,26867
1684,3.477091014,26866
1685,3.476940013,26865
1686,3.476004505,26864
1687,3.478260928,26863
1688,3.474699521,26862
1689,3.476750345,26861
1690,3.4758899,26860
1691,3.475478116,26859
1692,3.475327515,26858
1693,3.478175211,26857
1694,3.475725497,26856
1695,3.474466483,26855
1696,3.475215004,26854
1697,3.47425979,26853
1698,3.474578148,26852
1699,3.473555376,26851
1700,3.473144566,26850
1701,3.473808263,26849
1702,3.472592247,26848
1703,3.473184679,26847
1704,3.472427155,26846
1705,3.472937867,26845
1706,3.474060095,26844
1707,3.472820871,26843
1708,3.472330117,26842
1709,3.473501507,26841
1710,3.47371764,26840
1711,3.472879356,26839
1712,3.4723183,26838
1713,3.472919143,26837
1714,3.471860076,26836
1715,3.47268413,26835
1716,3.472617052,26834
1717,3.472430363,26833
1718,3.47136889,26832
1719,3.473030408,26831
1720,3.47071301,26830
1721,3.470612517,26829
1722,3.471285156,26828
1723,3.471438242,26827
1724,3.470832677,26826
1725,3.469876788,26825
1726,3.471548445,26824
1727,3.470684415,26823
1728,3.469957166,26822
1729,3.470062215,26821
1730,3.471968042,26820
1731,3.46961369,26819
1732,3.468691755,26818
1733,3.471225679,26817
1734,3.470568861,26816
1735,3.4680042,26815
1736,3.468692692,26814
1737,3.468563743,26813
1738,3.468193023,26812
1739,3.469060319,26811
1740,3.469146611,26810
1741,3.46708406,26809
1742,3.466855784,26808
1743,3.467203224,26807
1744,3.467261196,26806
1745,3.467031268,26805
1746,3.467075953,26804
1747,3.466070052,26803
1748,3.46734066,26802
1749,3.465584309,26801
1750,3.467453076,26800
1751,3.467249268,26799
1752,3.466760862,26798
1753,3.464829896,26797
1754,3.46590084,26796
1755,3.464943996,26795
1756,3.464860708,26794
1757,3.464943713,26793
1758,3.464772861,26792
1759,3.463787857,26791
1760,3.465952633,26790
1761,3.465128178,26789
1762,3.463976858,26788
1763,3.464809277,26787
1764,3.46459415,26786
1765,3.465356606,26785
1766,3.464182243,26784
1767,3.463669777,26783
1768,3.463596888,26782
1769,3.463836096,26781
1770,3.464795499,26780
1771,3.462829337,26779
1772,3.461437325,26778
1773,3.46393003,26777
1774,3.462102123,26776
1775,3.464150518,26775
1776,3.463343488,26774
1777,3.461811197,26773
1778,3.464915519,26772
1779,3.462641225,26771
1780,3.462974732,26770
1781,3.462165895,26769
1782,3.464134704,26768
1783,3.462689252,26767
1784,3.46137555,26766
1785,3.459720896,26765
1786,3.460857287,26764
1787,3.46099668,26763
1788,3.461003996,26762
1789,3.46017825,26761
1790,3.46108093,26760
1791,3.461538387,26759
1792,3.45947232,26758
1793,3.460122864,26757
1794,3.462532515,26756
1795,3.460314935,26755
1796,3.460077513,26754
1797,3.458610591,26753
1798,3.459051664,26752
1799,3.460033048,26751
1800,3.459999255,26750
1801,3.461104056,26749
1802,3.459436802,26748
1803,3.459387358,26747
1804,3.458763681,26746
1805,3.459094976,26745
1806,3.460340937,26744
1807,3.459335983,26743
1808,3.45780848,26742
1809,3.459210616,26741
1810,3.459408108,26740
1811,3.459601655,26739
1812,3.458492762,26738
1813,3.457065195,26737
1814,3.457374103,26736
1815,3.456505257,26735
1816,3.460333777,26734
1817,3.459134769,26733
1818,3.458106138,26732
1819,3.457905534,26731
1820,3.45728887,26730
1821,3.457270239,26729
1822,3.456523016,26728
1823,3.458136678,26727
1824,3.456432589,26726
1825,3.457324205,26725
1826,3.454704349,26724
1827,3.456974325,26723
1828,3.456064438,26722
1829,3.458225715,26721
1830,3.456980199,26720
1831,3.456277493,26719
1832,3.456519042,26718
1833,3.458199058,26717
1834,3.455589303,26716
1835,3.457232566,26715
1836,3.456151382,26714
1837,3.45606266,26713
1838,3.454391393,26712
1839,3.456887097,26711
1840,3.455250249,26710
1841,3.456015799,26709
1842,3.457036773,26708
1843,3.455070639,26707
1844,3.45531395,26706
1845,3.456922424,26705
1846,3.453946067,26704
1847,3.453591859,26703
1848,3.453324899,26702
1849,3.455388716,26701
1850,3.451735691,26700
1851,3.455640952,26699
1852,3.456021934,26698
1853,3.454025357,26697
1854,3.453360467,26696
1855,3.454012303,26695
1856,3.453803866,26694
1857,3.45366248,26693
1858,3.45233391,26692
1859,3.454089497,26691
1860,3.453919948,26690
1861,3.452830185,26689
1862,3.451382693,26688
1863,3.453031714,26687
1864,3.452044882,26686
1865,3.452002275,26685
1866,3.453016218,26684
1867,3.451813395,26683
1868,3.454969212,26682
1869,3.451496032,26681
1870,3.453203705,26680
1871,3.454130639,26679
1872,3.453321114,26678
1873,3.451685342,26677
1874,3.451637225,26676
1875,3.452216781,26675
1876,3.452435724,26674
1877,3.450310882,26673
1878,3.450862206,26672
1879,3.451989241,26671
1880,3.452382694,26670
1881,3.449539814,26669
1882,3.450842257,26668
1883,3.450497865,26667
1884,3.4523654,26666
1885,3.450070596,26665
1886,3.451236703,26664
1887,3.45139373,26663
1888,3.452943125,26662
1889,3.451792139,26661
1890,3.449391153,26660
1891,3.44920248,26659
1892,3.450250796,26658
1893,3.448733105,26657
1894,3.450824628,26656
1895,3.450449287,26655
1896,3.449550751,26654
1897,3.448072,26653
1898,3.450077546,26652
1899,3.449309374,26651
1900,3.450939801,26650
1901,3.4499544,26649
1902,3.449090827,26648
1903,3.449325819,26647
1904,3.44986278,26646
1905,3.449153972,26645
1906,3.448112474,26644
1907,3.447872109,26643
1908,3.448083134,26642
1909,3.446131629,26641
1910,3.447910922,26640
1911,3.448516941,26639
1912,3.446987361,26638
1913,3.447710407,26637
1914,3.44714169,26636
1915,3.449331656,26635
1916,3.449427118,26634
1917,3.448197453,26633
1918,3.44741526,26632
1919,3.447907237,26631
1920,3.447066164,26630
1921,3.449019974,26629
1922,3.449079459,26628
1923,3.44627177,26627
1924,3.447669403,26626
1925,3.447297343,26625
1926,3.446072458,26624
1927,3.447215885,26623
1928,3.448903843,26622
1929,3.446846893,26621
1930,3.446295687,26620
1931,3.447039281,26619
1932,3.446819035,26618
1933,3.447373131,26617
1934,3.446897177,26616
1935,3.447058778,26615
1936,3.446335081,26614
1937,3.444631893,26613
1938,3.44913239,26612
1939,3.447196043,26611
1940,3.445457783,26610
1941,3.447197524,26609
1942,3.445605453,26608
1943,3.445234178,26607
1944,3.447035567,26606
1945,3.44653562,26605
1946,3.448151473,26604
1947,3.444889049,26603
1948,3.445275741,26602
1949,3.446044408,26601
1950,3.44677318,26600
1951,3.44658984,26599
1952,3.443861521,26598
1953,3.444362735,26597
1954,3.445186141,26596
1955,3.446218803,26595
1956,3.446193558,26594
1957,3.444759443,26593
1958,3.445980359,26592
1959,3.447200682,26591
1960,3.443354716,26590
1961,3.444269397,26589
1962,3.443680405,26588
1963,3.445387208,26587
1964,3.445778189,26586
1965,3.443969307,26585
1966,3.446485725,26584
1967,3.444855774,26583
1968,3.445391833,26582
1969,3.443754179,26581
1970,3.4438716,26580
1971,3.445081852,26579
1972,3.444787614,26578
1973,3.443766066,26577
1974,3.444377489,26576
1975,3.444101232,26575
1976,3.441713674,26574
1977,3.443927138,26573
1978,3.44260375,26572
1979,3.442712646,26571
1980,3.442943486,26570
1981,3.444268229,26569
1982,3.442839635,26568
1983,3.444429138,26567
1984,3.443876439,26566
1985,3.443475915,26565
1986,3.443218145,26564
1987,3.441401462,26563
1988,3.441120748,26562
1989,3.44351711,26561
1990,3.443159991,26560
1991,3.445989927,26559
1992,3.443879009,26558
1993,3.443784908,26557
1994,3.44182266,26556
1995,3.443610209,26555
1996,3.441531392,26554
1997,3.442492114,26553
1998,3.443091419,26552
1999,3.442611808,26551
2000,3.444002104,26550
2001,3.441554724,26549
2002,3.441135236,26548
2003,3.442850843,26547
2004,3.442887031,26546
2005,3.442279743,26545
2006,3.442130736,26544
2007,3.442802011,26543
2008,3.441325774,26542
2009,3.443261313,26541
2010,3.442117031,26540
2011,3.444209379,26539
2012,3.441572706,26538
2013,3.440643029,26537
2014,3.441077646,26536
2015,3.441249076,26535
2016,3.440806922,26534
2017,3.441434843,26533
2018,3.439812046,26532
2019,3.441748697,26531
2020,3.443130987,26530
2021,3.442091317,26529
2022,3.440130054,26528
2023,3.441640308,26527
2024,3.440743136,26526
2025,3.441306651,26525
2026,3.440975034,26524
2027,3.443166854,26523
2028,3.442971598,26522
2029,3.441080153,26521
2030,3.44097839,26520
2031,3.441750871,26519
2032,3.440905037,26518
2033,3.442037739,26517
2034,3.441754049,26516
2035,3.440374919,26515
2036,3.442286217,26514
2037,3.441281785,26513
2038,3.439752538,26512
2039,3.440519694,26511
2040,3.440538764,26510
2041,3.440425664,26509
2042,3.44001179,26508
2043,3.44099581,26507
2044,3.440480199,26506
2045,3.439867589,26505
2046,3.441938114,26504
2047,3.439257518,26503
2048,3.439213622,26502
2049,3.439714832,26501
2050,3.439948294,26500
2051,3.44221267,26499
2052,3.439564356,26498
2053,3.437578693,26497
2054,3.439059092,26496
2055,3.439283108,26495
2056,3.438059754,26494
2057,3.440429012,26493
2058,3.439032937,26492
2059,3.439197931,26491
2060,3.441568954,26490
2061,3.439842254,26489
2062,3.439107452,26488
2063,3.43916605,26487
2064,3.438368572,26486
2065,3.438410061,26485
2066,3.44074691,26484
2067,3.438487039,26483
2068,3.439325679,26482
2069,3.441100633,26481
2070,3.439629944,26480
2071,3.439732985,26479
2072,3.438266179,26478
2073,3.439368613,26477
2074,3.439596603,26476
2075,3.440603838,26475
2076,3.437286946,26474
2077,3.440297684,26473
2078,3.437990399,26472
2079,3.439357462,26471
2080,3.441199828,26470
2081,3.440434361,26469
2082,3.438660391,26468
2083,3.439554408,26467
2084,3.439274159,26466
2085,3.441329587,26465
2086,3.437494438,26464
2087,3.436655314,26463
2088,3.439652701,26462
2089,3.437186419,26461
2090,3.440130842,26460
2091,3.43845146,26459
2092,3.438406271,26458
2093,3.440464518,26457
2094,3.437592354,26456
2095,3.439150825,26455
2096,3.438944905,26454
2097,3.438523309,26453
2098,3.437612099,26452
2099,3.438981467,26451
2100,3.439567467,26450
2101,3.438707598,26449
2102,3.437082316,26448
2103,3.437546063,26447
2104,3.437217145,26446
2105,3.438213567,26445
2106,3.435900655,26444
2107,3.438081695,26443
2108,3.437155834,26442
2109,3.437147236,26441
2110,3.43761992,26440
2111,3.438214614,26439
2112,3.437732339,26438
2113,3.439185849,26437
2114,3.438130703,26436
2115,3.437600754,26435
2116,3.436530424,26434
2117,3.437969372,26433
2118,3.43692183,26432
2119,3.438798748,26431
2120,3.438672607,26430
2121,3.437849747,26429
2122,3.43775981,26428
2123,3.43720172,26427
2124,3.438008623,26426
2125,3.435903699,26425
2126,3.436306005,26424
2127,3.437629782,26423
2128,3.437557597,26422
2129,3.437806475,26421
2130,3.436530228,26420
2131,3.437102431,26419
2132,3.435803674,26418
2133,3.436380321,26417
2134,3.436728473,26416
2135,3.438465718,26415
2136,3.436173004,26414
2137,3.436977375,26413
2138,3.437609045,26412
2139,3.43527603,26411
2140,3.436008406,26410
2141,3.435443458,26409
2142,3.437765755,26408
2143,3.437069193,26407
2144,3.435016196,26406
2145,3.435290948,26405
2146,3.434165309,26404
2147,3.43506716,26403
2148,3.434568889,26402
2149,3.435070069,26401
2150,3.434577103,26400
2151,3.436823811,26399
2152,3.436599577,26398
2153,3.434838782,26397
2154,3.436057221,26396
2155,3.43407431,26395
2156,3.433950988,26394
2157,3.437066181,26393
2158,3.435618086,26392
2159,3.435318852,26391
2160,3.435816704,26390
2161,3.431496114,26389
2162,3.434134716,26388
2163,3.435667303,26387
2164,3.435581782,26386
2165,3.435973712,26385
2166,3.433204753,26384
2167,3.433849151,26383
2168,3.435156841,26382
2169,3.434719023,26381
2170,3.436045793,26380
2171,3.43332928,26379
2172,3.435009983,26378
2173,3.435455786,26377
2174,3.433937576,26376
2175,3.433211021,26375
2176,3.433027196,26374
2177,3.434691743,26373
2178,3.434585202,26372
2179,3.434630448,26371
2180,3.433552795,26370
2181,3.435860413,26369
2182,3.433638644,26368
2183,3.431925096,26367
2184,3.435247198,26366
2185,3.434737566,26365
2186,3.434238637,26364
2187,3.432874401,26363
2188,3.433060974,26362
2189,3.433561108,26361
2190,3.434767625,26360
2191,3.432760557,26359
2192,3.433598359,26358
2193,3.433774754,26357
2194,3.432767781,26356
2195,3.434366792,26355
2196,3.433536557,26354
2197,3.434556702,26353
2198,3.435092607,26352
2199,3.432909128,26351
2200,3.43270891,26350
2201,3.43269059,26349
2202,3.430622557,26348
2203,3.433296382,26347
2204,3.431906022,26346
2205,3.433474429,26345
2206,3.432243364,26344
2207,3.432797471,26343
2208,3.432981391,26342
2209,3.43275825,26341
2210,3.433122489,26340
2211,3.432186248,26339
2212,3.432231268,26338
2213,3.431876554,26337
2214,3.432346564,26336
2215,3.434458026,26335
2216,3.431831856,26334
2217,3.431940895,26333
2218,3.432929299,26332
2219,3.431387501,26331
2220,3.433031218,26330
2221,3.431210587,26329
2222,3.431758664,26328
2223,3.432580694,26327
2224,3.431337614,26326
2225,3.430779174,26325
2226,3.432036355,26324
2227,3.431712016,26323
2228,3.431809361,26322
2229,3.431188649,26321
2230,3.430961477,26320
2231,3.429682714,26319
2232,3.429567067,26318
2233,3.431978792,26317
2234,3.430348431,26316
2235,3.429474267,26315
2236,3.430801079,26314
2237,3.431039159,26313
2238,3.430864876,26312
2239,3.42828611,26311
2240,3.430381544,26310
2241,3.429397993,26309
2242,3.430158283,26308
2243,3.430454334,26307
2244,3.42912978,26306
2245,3.429437562,26305
2246,3.429570283,26304
2247,3.429551142,26303
2248,3.43088747,26302
2249,3.429545835,26301
2250,3.429809768,26300
2251,3.429024558,26299
2252,3.429042956,26298
2253,3.429186516,26297
2254,3.430320703,26296
2255,3.427401741,26295
2256,3.430935053,26294
2257,3.428144345,26293
2258,3.428858559,26292
2259,3.428084048,26291
2260,3.428939036,26290
2261,3.428847541,26289
2262,3.428033343,26288
2263,3.427992489,26287
2264,3.427747709,26286
2265,3.428257087,26285
2266,3.429489105,26284
2267,3.428671084,26283
2268,3.427960028,26282
2269,3.428737038,26281
2270,3.428413804,26280
2271,3.427539637,26279
2272,3.428512433,26278
2273,3.426244422,26277
2274,3.428375586,26276
2275,3.426400127,26275
2276,3.428499991,26274
2277,3.428071588,26273
2278,3.42707272,26272
2279,3.427174235,26271
2280,3.426282564,26270
2281,3.427895427,26269
2282,3.427110736,26268
2283,3.426696243,26267
2284,3.428667814,26266
2285,3.425747067,26265
2286,3.425953536,26264
2287,3.426736882,26263
2288,3.426514588,26262
2289,3.427521774,26261
2290,3.425666371,26260
2291,3.425123866,26259
2292,3.425182685,26258
2293,3.424587666,26257
2294,3.425058194,26256
2295,3.425133957,26255
2296,3.425692438,26254
2297,3.424862522,26253
2298,3.424324365,26252
2299,3.425012852,26251
2300,3.425044576,26250
2301,3.424290982,26249
2302,3.424153597,26248
2303,3.424616096,26247
2304,3.423298473,26246
2305,3.421955144,26245
2306,3.424503691,26244
2307,3.423372714,26243
2308,3.421720625,26242
2309,3.423678208,26241
2310,3.423221664,26240
2311,3.424759128,26239
2312,3.423331315,26238
2313,3.424641972,26237
2314,3.423572792,26236
2315,3.423862221,26235
2316,3.421680844,26234
2317,3.423861529,26233
2318,3.422569367,26232
2319,3.421867812,26231
2320,3.421813394,26230
2321,3.42141946,26229
2322,3.423317074,26228
2323,3.422366509,26227
2324,3.421112414,26226
2325,3.424676644,26225
2326,3.422530868,26224
2327,3.422775434,26223
2328,3.422016533,26222
2329,3.422371877,26221
2330,3.421665226,26220
2331,3.42007167,26219
2332,3.4218739,26218
2333,3.420906144,26217
2334,3.420944545,26216
2335,3.419722576,26215
2336,3.420783193,26214
2337,3.419273333,26213
2338,3.420273482,26212
2339,3.418868725,26211
2340,3.419444124,26210
2341,3.420909355,26209
2342,3.418555135,26208
2343,3.419565619,26207
2344,3.419447597,26206
2345,3.419674185,26205
2346,3.420043542,26204
2347,3.419138763,26203
2348,3.417889672,26202
2349,3.418497623,26201
2350,3.419318353,26200
2351,3.420138785,26199
2352,3.418377379,26198
2353,3.418707485,26197
2354,3.419065781,26196
2355,3.417813888,26195
2356,3.417669751,26194
2357,3.41796814,26193
2358,3.419534252,26192
2359,3.417549599,26191
2360,3.418391945,26190
2361,3.417581365,26189
2362,3.418698281,26188
2363,3.4179849,26187
2364,3.416942239,26186
2365,3.418120613,26185
2366,3.416354487,26184
2367,3.417550875,26183
2368,3.415238863,26182
2369,3.416750602,26181
2370,3.415687761,26180
2371,3.416679026,26179
2372,3.415590872,26178
2373,3.416293357,26177
2374,3.414457593,26176
2375,3.413488395,26175
2376,3.414616323,26174
2377,3.413913759,26173
2378,3.413282635,26172
2379,3.412827262,26171
2380,3.413917395,26170
2381,3.414747339,26169
2382,3.413612717,26168
2383,3.412606314,26167
2384,3.410966202,26166
2385,3.414555773,26165
2386,3.411427257,26164
2387,3.411629023,26163
2388,3.412778387,26162
2389,3.412096605,26161
2390,3.413258436,26160
2391,3.413896809,26159
2392,3.414011609,26158
2393,3.41102391,26157
2394,3.412911367,26156
2395,3.409728215,26155
2396,3.409927228,26154
2397,3.412160473,26153
2398,3.413551727,26152
2399,3.41174129,26151
2400,3.409660809,26150
2401,3.410878058,26149
2402,3.408912504,26148
2403,3.411933274,26147
2404,3.409112225,26146
2405,3.410075307,26145
2406,3.409230411,26144
2407,3.410213787,26143
2408,3.408932279,26142
2409,3.409331606,26141
2410,3.410406089,26140
2411,3.409114944,26139
2412,3.40974164,26138
2413,3.408674511,26137
2414,3.406673841,26136
2415,3.408037107,26135
2416,3.405745948,26134
2417,3.40789368,26133
2418,3.406789992,26132
2419,3.409834871,26131
2420,3.408004994,26130
2421,3.406881823,26129
2422,3.408146582,26128
2423,3.406397197,26127
2424,3.406578578,26126
2425,3.406788099,26125
2426,3.405887413,26124
2427,3.405986312,26123
2428,3.404200977,26122
2429,3.404827676,26121
2430,3.404405055,26120
2431,3.404692789,26119
2432,3.40612292,26118
2433,3.404856204,26117
2434,3.406540969,26116
2435,3.405852239,26115
2436,3.403857003,26114
2437,3.40294505,26113
2438,3.405349097,26112
2439,3.403260543,26111
2440,3.403853671,26110
2441,3.403088433,26109
2442,3.40276048,26108
2443,3.40288308,26107
2444,3.402954082,26106
2445,3.402696108,26105
2446,3.401720288,26104
2447,3.401823496,26103
2448,3.402484897,26102
2449,3.400964833,26101
2450,3.400691235,26100
2451,3.402003936,26099
2452,3.398799339,26098
2453,3.401438289,26097
2454,3.400021086,26096
2455,3.400545473,26095
2456,3.400789652,26094
2457,3.401741891,26093
2458,3.400987691,26092
2459,3.398943222,26091
2460,3.399174142,26090
2461,3.398655411,26089
2462,3.400165115,26088
2463,3.398632327,26087
2464,3.398125644,26086
2465,3.397866967,26085
2466,3.400133813,26084
2467,3.397570881,26083
2468,3.396675055,26082
2469,3.396486837,26081
2470,3.399124551,26080
2471,3.397954786,26079
2472,3.395941864,26078
2473,3.396159892,26077
2474,3.396182417,26076
2475,3.396235718,26075
2476,3.394475865,26074
2477,3.392885772,26073
2478,3.396989786,26072
2479,3.395182632,26071
2480,3.393783472,26070
2481,3.394475607,26069
2482,3.3941093,26068
2483,3.393768042,26067
2484,3.394090934,26066
2485,3.393476195,26065
2486,3.394678056,26064
2487,3.392148552,26063
2488,3.393395716,26062
2489,3.391848545,26061
2490,3.393421611,26060
2491,3.394448757,26059
2492,3.393849959,26058
2493,3.391158263,26057
2494,3.393755954,26056
2495,3.392783415,26055
2496,3.391015761,26054
2497,3.391785322,26053
2498,3.390688571,26052
2499,3.390030938,26051
2500,3.391287968,26050
2501,3.388642468,26049
2502,3.389948339,26048
2503,3.391504805,26047
2504,3.389015793,26046
2505,3.390066754,26045
2506,3.388387129,26044
2507,3.389792601,26043
2508,3.389633195,26042
2509,3.387616545,26041
2510,3.389324371,26040
2511,3.389919835,26039
2512,3.387040991,26038
2513,3.389102809,26037
2514,3.386423077,26036
2515,3.387339788,26035
2516,3.387129699,26034
2517,3.385856265,26033
2518,3.387770719,26032
2519,3.385405,26031
2520,3.385563535,26030
2521,3.385954973,26029
2522,3.388061387,26028
2523,3.38402188,26027
2524,3.385391782,26026
2525,3.384251898,26025
2526,3.383678871,26024
2527,3.384324634,26023
2528,3.383336498,26022
2529,3.38194516,26021
2530,3.384149421,26020
2531,3.382653892,26019
2532,3.384495835,26018
2533,3.383177908,26017
2534,3.381759574,26016
2535,3.383526307,26015
2536,3.384851687,26014
2537,3.380303009,26013
2538,3.380926806,26012
2539,3.380989698,26011
2540,3.381137305,26010
2541,3.382505176,26009
2542,3.379751033,26008
2543,3.38084497,26007
2544,3.380061337,26006
2545,3.378828532,26005
2546,3.378262562,26004
2547,3.379024515,26003
2548,3.378317391,26002
2549,3.379898099,26001
2550,3.379096558,26000
2551,3.378588371,25999
2552,3.377683708,25998
2553,3.379387604,25997
2554,3.377168658,25996
2555,3.376576339,25995
2556,3.378836186,25994
2557,3.377406711,25993
2558,3.376632509,25992
2559,3.377164653,25991
2560,3.377555138,25990
2561,3.376327741,25989
2562,3.374672636,25988
2563,3.375533688,25987
2564,3.3746886,25986
2565,3.376586251,25985
2566,3.37393187,25984
2567,3.375081653,25983
2568,3.373096203,25982
2569,3.374941693,25981
2570,3.372413759,25980
2571,3.373875774,25979
2572,3.373008432,25978
2573,3.372345162,25977
2574,3.370591371,25976
2575,3.371927258,25975
2576,3.373024478,25974
2577,3.371897978,25973
2578,3.371539005,25972
2579,3.37212081,25971
2580,3.370737019,25970
2581,3.37032857,25969
2582,3.370834604,25968
2583,3.370797202,25967
2584,3.370347316,25966
2585,3.369640766,25965
2586,3.368120445,25964
2587,3.370488542,25963
2588,3.369995724,25962
2589,3.368871845,25961
2590,3.367585331,25960
2591,3.368188526,25959
2592,3.369405541,25958
2593,3.366805532,25957
2594,3.367035983,25956
2595,3.368485595,25955
2596,3.367989613,25954
2597,3.3660219,25953
2598,3.364439799,25952
2599,3.365542534,25951
2600,3.366027413,25950
2601,3.36711802,25949
2602,3.366209333,25948
2603,3.364646401,25947
2604,3.36571819,25946
2605,3.364531792,25945
2606,3.36345661,25944
2607,3.36573527,25943
2608,3.36322461,25942
2609,3.365529681,25941
2610,3.36281051,25940
2611,3.362161295,25939
2612,3.361464191,25938
2613,3.362993781,25937
2614,3.362390924,25936
2615,3.36413219,25935
2616,3.361789412,25934
2617,3.363021256,25933
2618,3.361667164,25932
2619,3.360296758,25931
2620,3.359535156,25930
2621,3.361377968,25929
2622,3.36166516,25928
2623,3.359423974,25927
2624,3.361572606,25926
2625,3.35782672,25925
2626,3.361313728,25924
2627,3.358296879,25923
2628,3.358553115,25922
2629,3.358394731,25921
2630,3.360207902,25920
2631,3.355829925,25919
2632,3.35919492,25918
2633,3.357566424,25917
2634,3.357612123,25916
2635,3.355611383,25915
2636,3.355799552,25914
2637,3.356050212,25913
2638,3.356491211,25912
2639,3.354941846,25911
2640,3.354401839,25910
2641,3.355367169,25909
2642,3.357072876,25908
2643,3.355429707,25907
2644,3.355331041,25906
2645,3.354627413,25905
2646,3.352788257,25904
2647,3.355312089,25903
2648,3.354045064,25902
2649,3.353388031,25901
2650,3.353206198,25900
2651,3.353778159,25899
2652,3.353197871,25898
2653,3.353073147,25897
2654,3.353806389,25896
2655,3.353594189,25895
2656,3.353305984,25894
2657,3.354163532,25893
2658,3.351629466,25892
2659,3.351886268,25891
2660,3.351012821,25890
2661,3.350336202,25889
2662,3.350020547,25888
2663,3.350076296,25887
2664,3.350206211,25886
2665,3.35100537,25885
2666,3.349616902,25884
2667,3.348717687,25883
2668,3.347930329,25882
2669,3.348965223,25881
2670,3.347332009,25880
2671,3.348974195,25879
2672,3.347986186,25878
2673,3.348945601,25877
2674,3.348041604,25876
2675,3.347826424,25875
2676,3.347619855,25874
2677,3.345948291,25873
2678,3.349182968,25872
2679,3.347342423,25871
2680,3.345503582,25870
2681,3.346114272,25869
2682,3.346614845,25868
2683,3.347018727,25867
2684,3.344139573,25866
2685,3.346143873,25865
2686,3.343402859,25864
2687,3.345631784,25863
2688,3.34317482,25862
2689,3.34410986,25861
2690,3.342647465,25860
2691,3.343841978,25859
2692,3.343716841,25858
2693,3.343464887,25857
2694,3.343388414,25856
2695,3.343150026,25855
2696,3.342150688,25854
2697,3.342939711,25853
2698,3.342667535,25852
2699,3.341410153,25851
2700,3.342284525,25850
2701,3.341835733,25849
2702,3.34161086,25848
2703,3.340459666,25847
2704,3.339301489,25846
2705,3.339992759,25845
2706,3.341092024,25844
2707,3.340861905,25843
2708,3.341916919,25842
2709,3.340875766,25841
2710,3.341747188,25840
2711,3.340277904,25839
2712,3.33854304,25838
2713,3.339681008,25837
2714,3.339963641,25836
2715,3.338372864,25835
2716,3.337875582,25834
2717,3.339814363,25833
2718,3.336895346,25832
2719,3.338588117,25831
2720,3.337986268,25830
2721,3.339133148,25829
2722,3.33763193,25828
2723,3.335289384,25827
2724,3.336527705,25826
2725,3.336475185,25825
2726,3.336429202,25824
2727,3.336376733,25823
2728,3.336503529,25822
2729,3.335147656,25821
2730,3.335526859,25820
2731,3.335899795,25819
2732,3.33544214,25818
2733,3.335073309,25817
2734,3.334269294,25816
2735,3.336126177,25815
2736,3.336556602,25814
2737,3.33428481,25813
2738,3.332970393,25812
2739,3.334001807,25811
2740,3.334917974,25810
2741,3.333990804,25809
2742,3.332431358,25808
2743,3.331846921,25807
2744,3.33294849,25806
2745,3.332779775,25805
2746,3.331591665,25804
2747,3.332263309,25803
2748,3.331813413,25802
2749,3.332782712,25801
2750,3.333011338,25800
2751,3.331323998,25799
2752,3.332746229,25798
2753,3.330910765,25797
2754,3.330903604,25796
2755,3.33205045,25795
2756,3.330182327,25794
2757,3.33060413,25793
2758,3.33093924,25792
2759,3.329890395,25791
2760,3.330976437,25790
2761,3.331522545,25789
2762,3.331306504,25788
2763,3.329221697,25787
2764,3.329497425,25786
2765,3.327786028,25785
2766,3.32837195,25784
2767,3.328708109,25783
2768,3.330622735,25782
2769,3.328659648,25781
2770,3.327338063,25780
2771,3.325808973,25779
2772,3.328238594,25778
2773,3.32763228,25777
2774,3.327118529,25776
2775,3.326468141,25775
2776,3.327624237,25774
2777,3.327101078,25773
2778,3.325365325,25772
2779,3.327900895,25771
2780,3.324990962,25770
2781,3.327462811,25769
2782,3.326151313,25768
2783,3.325337469,25767
2784,3.327747421,25766
2785,3.325723813,25765
2786,3.325256522,25764
2787,3.325684944,25763
2788,3.328059449,25762
2789,3.326045237,25761
2790,3.325786493,25760
2791,3.323398495,25759
2792,3.323052523,25758
2793,3.323354596,25757
2794,3.325508169,25756
2795,3.323743011,25755
2796,3.322989377,25754
2797,3.32484378,25753
2798,3.322697536,25752
2799,3.324519597,25751
2800,3.323706266,25750
2801,3.323281345,25749
2802,3.321559673,25748
2803,3.324043569,25747
2804,3.322212611,25746
2805,3.323469023,25745
2806,3.323107315,25744
2807,3.32150595,25743
2808,3.321586778,25742
2809,3.322485248,25741
2810,3.321125383,25740
2811,3.323790576,25739
2812,3.323047328,25738
2813,3.321304408,25737
2814,3.321149983,25736
2815,3.319390822,25735
2816,3.322728355,25734
2817,3.320794771,25733
2818,3.31952735,25732
2819,3.319538354,25731
2820,3.320185937,25730
2821,3.321339257,25729
2822,3.318596395,25728
2823,3.320276778,25727
2824,3.31757008,25726
2825,3.319333862,25725
2826,3.320235632,25724
2827,3.31915664,25723
2828,3.319898726,25722
2829,3.317907748,25721
2830,3.317950841,25720
2831,3.318712062,25719
2832,3.316844945,25718
2833,3.320254807,25717
2834,3.318278163,25716
2835,3.316635267,25715
2836,3.315214408,25714
2837,3.315722965,25713
2838,3.316169932,25712
2839,3.318952472,25711
2840,3.317515823,25710
2841,3.317374201,25709
2842,3.316920254,25708
2843,3.317523073,25707
2844,3.316863247,25706
2845,3.315537882,25705
2846,3.316374604,25704
2847,3.314987963,25703
2848,3.315986517,25702
2849,3.315659496,25701
2850,3.316541978,25700
2851,3.316171502,25699
2852,3.314930824,25698
2853,3.315995823,25697
2854,3.313678957,25696
2855,3.315262162,25695
2856,3.31489024,25694
2857,3.313755333,25693
2858,3.313870445,25692
2859,3.314177381,25691
2860,3.313557608,25690
2861,3.311845048,25689
2862,3.313966641,25688
2863,3.313202647,25687
2864,3.312242778,25686
2865,3.31386495,25685
2866,3.312949963,25684
2867,3.314017036,25683
2868,3.311636879,25682
2869,3.312662057,25681
2870,3.312588347,25680
2871,3.313070167,25679
2872,3.311596024,25678
2873,3.311058334,25677
2874,3.310940316,25676
2875,3.310974226,25675
2876,3.310564028,25674
2877,3.311287758,25673
2878,3.310475359,25672
2879,3.31036235,25671
2880,3.308765745,25670
2881,3.309522344,25669
2882,3.3089144,25668
2883,3.309043711,25667
2884,3.310138991,25666
2885,3.306468604,25665
2886,3.308182933,25664
2887,3.308464231,25663
2888,3.308178387,25662
2889,3.308466702,25661
2890,3.308673654,25660
2891,3.309190394,25659
2892,3.307058974,25658
2893,3.305756243,25657
2894,3.306014361,25656
2895,3.306062844,25655
2896,3.306113978,25654
2897,3.30584852,25653
2898,3.3034349,25652
2899,3.304254536,25651
2900,3.303542252,25650
2901,3.302822267,25649
2902,3.303498586,25648
2903,3.304387918,25647
2904,3.30369129,25646
2905,3.303567452,25645
2906,3.302550675,25644
2907,3.303424015,25643
2908,3.302465892,25642
2909,3.302767178,25641
2910,3.300802742,25640
2911,3.300666586,25639
2912,3.300032644,25638
2913,3.300612427,25637
2914,3.301580417,25636
2915,3.300512598,25635
2916,3.300129308,25634
2917,3.298049531,25633
2918,3.299593687,25632
2919,3.299256452,25631
2920,3.299453581,25630
2921,3.299360685,25629
2922,3.298886096,25628
2923,3.296647525,25627
2924,3.296807553,25626
2925,3.297796163,25625
2926,3.295366837,25624
2927,3.29549488,25623
2928,3.296809095,25622
2929,3.296973217,25621
2930,3.296793149,25620
2931,3.293958745,25619
2932,3.293093149,25618
2933,3.293805837,25617
2934,3.292712157,25616
2935,3.294168174,25615
2936,3.293672579,25614
2937,3.29160491,25613
2938,3.292049648,25612
2939,3.291908774,25611
2940,3.290332703,25610
2941,3.289830705,25609
2942,3.290170761,25608
2943,3.288259143,25607
2944,3.288955833,25606
2945,3.287562688,25605
2946,3.286952739,25604
2947,3.287425219,25603
2948,3.286267019,25602
2949,3.286262839,25601
2950,3.28794677,25600
2951,3.283568724,25599
2952,3.28489962,25598
2953,3.283503219,25597
2954,3.282075814,25596
2955,3.284872496,25595
2956,3.282221685,25594
2957,3.282125792,25593
2958,3.281338659,25592
2959,3.277998465,25591
2960,3.280029109,25590
2961,3.278033667,25589
2962,3.277113673,25588
2963,3.277425095,25587
2964,3.277733929,25586
2965,3.277343874,25585
2966,3.276900551,25584
2967,3.273917155,25583
2968,3.274151666,25582
2969,3.275091172,25581
2970,3.273504788,25580
2971,3.273034332,25579
2972,3.271819807,25578
2973,3.271377098,25577
2974,3.269936027,25576
2975,3.269490765,25575
2976,3.268258933,25574
2977,3.266940665,25573
2978,3.26564641,25572
2979,3.265133345,25571
2980,3.263797201,25570
2981,3.264182902,25569
2982,3.262859037,25568
2983,3.262392309,25567
2984,3.261427821,25566
2985,3.260486985,25565
2986,3.259677294,25564
2987,3.259410922,25563
2988,3.257341551,25562
2989,3.258200386,25561
2990,3.25658846,25560
2991,3.253969053,25559
2992,3.254243291,25558
2993,3.251978585,25557
2994,3.252278312,25556
2995,3.252262198,25555
2996,3.248679135,25554
2997,3.249737271,25553
2998,3.24843471,25552
2999,3.245074123,25551
3000,3.246101303,25550
3001,3.244368513,25549
3002,3.244531961,25548
3003,3.242462456,25547
3004,3.241372514,25546
3005,3.238887793,25545
3006,3.237462644,25544
3007,3.23760612,25543
3008,3.23633581,25542
3009,3.237819999,25541
3010,3.23158973,25540
3011,3.233286938,25539
3012,3.230005482,25538
3013,3.231285708,25537
3014,3.228282527,25536
3015,3.225503426,25535
3016,3.223063719,25534
3017,3.225516546,25533
3018,3.221391047,25532
3019,3.221013082,25531
3020,3.220468436,25530
3021,3.218101438,25529
3022,3.216291162,25528
3023,3.21390346,25527
3024,3.214185453,25526
3025,3.211262376,25525
3026,3.210431911,25524
3027,3.207328771,25523
3028,3.207256869,25522
3029,3.206002055,25521
3030,3.204704844,25520
3031,3.200946626,25519
3032,3.199522683,25518
3033,3.197860015,25517
3034,3.196419701,25516
3035,3.192813206,25515
3036,3.190715614,25514
3037,3.189783184,25513
3038,3.186530002,25512
3039,3.185604982,25511
3040,3.184251908,25510
3041,3.181416305,25509
3042,3.178756269,25508
3043,3.177769701,25507
3044,3.176409107,25506
3045,3.170628622,25505
3046,3.170792628,25504
3047,3.168638956,25503
3048,3.166504873,25502
3049,3.166011008,25501
3050,3.160258109,25500
3051,3.157930965,25499
3052,3.157135254,25498
3053,3.156471534,25497
3054,3.152188388,25496
3055,3.148758467,25495
3056,3.149277894,25494
3057,3.143979001,25493
3058,3.141082747,25492
3059,3.137810302,25491
3060,3.136701235,25490
3061,3.133512713,25489
3062,3.129200659,25488
3063,3.127193437,25487
3064,3.123561863,25486
3065,3.121181762,25485
3066,3.11826032,25484
3067,3.115797319,25483
3068,3.111981977,25482
3069,3.108466534,25481
3070,3.107184203,25480
3071,3.10150608,25479
3072,3.100054501,25478
3073,3.094246034,25477
3074,3.093325525,25476
3075,3.0875065,25475
3076,3.08610508,25474
3077,3.082861894,25473
3078,3.077190115,25472
3079,3.07389907,25471
3080,3.069226155,25470
3081,3.06627857,25469
3082,3.060504592,25468
3083,3.056582353,25467
3084,3.053712908,25466
3085,3.050974377,25465
3086,3.044960956,25464
3087,3.041075118,25463
3088,3.037760981,25462
3089,3.032502257,25461
3090,3.027964165,25460
3091,3.023729543,25459
3092,3.019602529,25458
3093,3.014120706,25457
3094,3.010079582,25456
3095,3.004269915,25455
3096,2.999006045,25454
3097,2.99488067,25453
3098,2.989772741,25452
3099,2.983511174,25451
3100,2.977943464,25450
3101,2.971993053,25449
3102,2.966570554,25448
3103,2.960964073,25447
3104,2.95392979,25446
3105,2.949075367,25445
3106,2.943074907,25444
3107,2.937228893,25443
3108,2.930740163,25442
3109,2.923737814,25441
3110,2.915534907,25440
3111,2.907219417,25439
3112,2.903392789,25438
3113,2.895892997,25437
3114,2.888411459,25436
3115,2.880793781,25435
3116,2.874154698,25434
3117,2.867512847,25433
3118,2.857882316,25432
3119,2.850198367,25431
3120,2.842786782,25430
3121,2.836806214,25429
3122,2.824469141,25428
3123,2.816782081,25427
3124,2.806101892,25426
3125,2.79687736,25425
3126,2.787507595,25424
3127,2.777919127,25423
3128,2.765270663,25422
3129,2.758063325,25421
3130,2.745485118,25420
3131,2.734380828,25419
3132,2.723478149,25418
3133,2.712017129,25417
3134,2.69931041,25416
3135,2.688860846,25415
3136,2.672478189,25414
3137,2.66120085,25413
3138,2.64545814,25412
3139,2.633191188,25411
3140,2.618822133,25410
3141,2.603801089,25409
3142,2.588363016,25408