timesteps, current B1, voltage,ts
0,26.219,24.586,0
1,24.9855,24.589,0.003
2,24.85,24.594,0.007
3,24.4105,24.586,0.01
4,24.335,24.581,0.013
5,24.7905,24.564,0.017
6,25.2555,24.55,0.02
7,25.243,24.548,0.023
8,25.4875,24.547,0.027
9,25.0495,24.541,0.03
10,24.14,24.549,0.033
11,23.5025,24.558,0.037
12,23.222,24.558,0.04
13,23.935,24.535,0.043
14,24.4345,24.533,0.047
15,24.816,24.513,0.05
16,25.4505,24.505,0.053
17,25.6455,24.497,0.057
18,26.4455,24.475,0.06
19,26.4225,24.462,0.063
20,24.7535,24.5,0.067
21,24.1855,24.504,0.07
22,23.865,24.496,0.073
23,23.626,24.52,0.077
24,23.595,24.502,0.08
25,23.4115,24.507,0.083
26,22.9175,24.508,0.087
27,22.738,24.505,0.09
28,22.738,24.498,0.093
29,22.775,24.497,0.097
30,23.676,24.482,0.1
31,24.486,24.466,0.103
32,25.6455,24.433,0.107
33,24.93,24.457,0.11
34,24.376,24.445,0.113
35,24.0245,24.453,0.117
36,24.191,24.444,0.12
37,24.386,24.437,0.123
38,24.288,24.436,0.127
39,23.7585,24.446,0.13
40,24.3105,24.429,0.133
41,24.9055,24.427,0.137
42,25.2045,24.41,0.14
43,25.607,24.395,0.143
44,25.455,24.398,0.147
45,25.384,24.392,0.15
46,25.354,24.392,0.153
47,25.3725,24.383,0.157
48,24.7165,24.397,0.16
49,25.1545,24.39,0.163
50,25.243,24.382,0.167
51,25.3185,24.37,0.17
52,25.358,24.375,0.173
53,23.8255,24.39,0.177
54,23.9535,24.392,0.18
55,25.6085,24.355,0.183
56,24.9425,24.359,0.187
57,25.8365,24.353,0.19
58,26.525,24.338,0.193
59,25.775,24.338,0.197
60,24.796,24.351,0.2
61,25.617,24.359,0.203
62,25.9675,24.334,0.207
63,25.314,24.339,0.21
64,23.737,24.357,0.213
65,22.429,24.389,0.217
66,21.83,24.405,0.22
67,22.809,24.381,0.223
68,24.2255,24.352,0.227
69,23.024,24.377,0.23
70,21.628,24.399,0.233
71,19.856,24.425,0.237
72,20.4555,24.419,0.24
73,20.7685,24.4,0.243
74,19.418,24.439,0.247
75,18.78,24.446,0.25
76,18.51,24.443,0.253
77,19.2785,24.449,0.257
78,20.293,24.417,0.26
79,21.534,24.384,0.263
80,23.2805,24.35,0.267
81,24.6225,24.328,0.27
82,28.3015,24.249,0.273
83,25.1035,24.312,0.277
84,25.465,24.303,0.28
85,25.0195,24.304,0.283
86,23.172,24.339,0.287
87,21.7105,24.365,0.29
88,21.8215,24.369,0.293
89,22.2485,24.348,0.297
90,22.4365,24.343,0.3
91,22.5315,24.345,0.303
92,23.38,24.328,0.307
93,23.838,24.31,0.31
94,24.09,24.311,0.313
95,25.163,24.289,0.317
96,25.882,24.259,0.32
97,26.067,24.26,0.323
98,25.95,24.256,0.327
99,25.6995,24.261,0.33
100,25.408,24.27,0.333
101,24.4715,24.274,0.337
102,24.4715,24.292,0.34
103,24.365,24.275,0.343
104,24.0175,24.284,0.347
105,24.3505,24.276,0.35
106,24.096,24.276,0.353
107,23.541,24.285,0.357
108,23.9435,24.284,0.36
109,24.887,24.256,0.363
110,26.76,24.213,0.367
111,26.669,24.207,0.37
112,25.842,24.231,0.373
113,24.3005,24.255,0.377
114,23.504,24.266,0.38
115,22.872,24.283,0.383
116,22.93,24.285,0.387
117,23.505,24.28,0.39
118,23.357,24.284,0.393
119,24.8415,24.237,0.397
120,25.2075,24.239,0.4
121,26.753,24.198,0.403
122,27.221,24.177,0.407
123,26.178,24.203,0.41
124,25.9035,24.207,0.413
125,25.691,24.218,0.417
126,25.848,24.207,0.42
127,24.85,24.217,0.423
128,24.245,24.235,0.427
129,23.915,24.233,0.43
130,24.106,24.229,0.433
131,23.959,24.229,0.437
132,25.014,24.203,0.44
133,25.4905,24.218,0.443
134,26.5905,24.184,0.447
135,26.6035,24.182,0.45
136,26.484,24.182,0.453
137,26.145,24.176,0.457
138,25.657,24.186,0.46
139,24.171,24.21,0.463
140,24.83,24.193,0.467
141,25.8905,24.186,0.47
142,26.138,24.181,0.473
143,25.7765,24.173,0.477
144,25.919,24.191,0.48
145,25.7325,24.189,0.483
146,24.3205,24.189,0.487
147,24.4545,24.194,0.49
148,24.429,24.195,0.493
149,24.0045,24.193,0.497
150,22.8635,24.22,0.5
151,22.186,24.234,0.503
152,22.156,24.234,0.507
153,23.602,24.208,0.51
154,25.004,24.184,0.513
155,23.3645,24.204,0.517
156,22.1275,24.232,0.52
157,22.4875,24.229,0.523
158,26.74,24.153,0.527
159,29.185,24.092,0.53
160,29.978,24.078,0.533
161,29.05,24.094,0.537
162,29.79,24.078,0.54
163,30.123,24.079,0.543
164,29.941,24.071,0.547
165,28.959,24.085,0.55
166,28.525,24.085,0.553
167,24.8615,24.147,0.557
168,22.9375,24.187,0.56
169,23.7245,24.173,0.563
170,25.378,24.14,0.567
171,25.237,24.146,0.57
172,25.0865,24.143,0.573
173,25.8775,24.142,0.577
174,26.4485,24.124,0.58
175,27.5315,24.096,0.583
176,26.4225,24.12,0.587
177,26.683,24.108,0.59
178,26.6675,24.11,0.593
179,26.393,24.11,0.597
180,26.706,24.098,0.6
181,26.864,24.11,0.603
182,26.908,24.099,0.607
183,26.7915,24.108,0.61
184,26.5565,24.104,0.613
185,26.42,24.116,0.617
186,27.3665,24.096,0.62
187,27.2055,24.088,0.623
188,27.059,24.084,0.627
189,26.249,24.102,0.63
190,28.4695,24.056,0.633
191,27.5455,24.068,0.637
192,26.6535,24.09,0.64
193,26.757,24.079,0.643
194,26.925,24.083,0.647
195,27.3265,24.062,0.65
196,27.248,24.064,0.653
197,26.7315,24.091,0.657
198,28.2015,24.06,0.66
199,28.5975,24.047,0.663
200,27.739,24.05,0.667
201,26.911,24.075,0.67
202,27.395,24.063,0.673
203,26.952,24.071,0.677
204,27.244,24.06,0.68
205,27.735,24.052,0.683
206,28.442,24.038,0.687
207,28.3695,24.042,0.69
208,28.431,24.039,0.693
209,27.85,24.048,0.697
210,29.2295,24.013,0.7
211,27.581,24.041,0.703
212,27.7165,24.045,0.707
213,26.8425,24.052,0.71
214,26.72,24.054,0.713
215,27.1915,24.047,0.717
216,28.414,24.028,0.72
217,28.0195,24.041,0.723
218,27.389,24.046,0.727
219,28.341,24.021,0.73
220,28.4125,24.023,0.733
221,27.4575,24.024,0.737
222,27.95,24.028,0.74
223,28.344,24.026,0.743
224,28.2415,24.021,0.747
225,28.0435,24.008,0.75
226,28.9875,23.996,0.753
227,28.3115,24.015,0.757
228,28.747,24.001,0.76
229,28.996,23.992,0.763
230,28.3115,24.002,0.767
231,28.6345,23.996,0.77
232,27.14,24.027,0.773
233,28.546,23.997,0.777
234,25.946,24.035,0.78
235,27.4785,24.02,0.783
236,26.5365,24.029,0.787
237,26.43,24.033,0.79
238,26.319,24.039,0.793
239,27.4575,24.016,0.797
240,27.53,24,0.8
241,27.359,24.012,0.803
242,27.981,23.987,0.807
243,28.566,23.996,0.81
244,28.6815,23.975,0.813
245,28.2215,23.985,0.817
246,27.241,23.996,0.82
247,28.334,23.984,0.823
248,26.2735,24.007,0.827
249,26.8385,24.012,0.83
250,27.2425,24.001,0.833
251,27.1285,24.017,0.837
252,25.3765,24.037,0.84
253,22.391,24.083,0.843
254,21.262,24.113,0.847
255,21.823,24.097,0.85
256,21.574,24.1,0.853
257,24.5,24.063,0.857
258,25.876,24.019,0.86
259,25.6315,24.04,0.863
260,25.832,24.033,0.867
261,25.8095,24.018,0.87
262,25.6245,24.028,0.873
263,24.5015,24.037,0.877
264,24.2365,24.042,0.88
265,23.9195,24.065,0.883
266,23.3545,24.059,0.887
267,23.0695,24.079,0.89
268,23.2645,24.064,0.893
269,25.7665,24.034,0.897
270,25.237,24.037,0.9
271,24.742,24.038,0.903
272,24.3105,24.045,0.907
273,24.009,24.051,0.91
274,24.8005,24.026,0.913
275,24.4445,24.047,0.917
276,23.9305,24.055,0.92
277,24.1115,24.054,0.923
278,23.542,24.065,0.927
279,24.934,24.026,0.93
280,25.771,24.018,0.933
281,25.116,24.015,0.937
282,24.877,24.023,0.94
283,24.6895,24.035,0.943
284,25.5445,24.021,0.947
285,26.8655,24.001,0.95
286,25.2555,24.017,0.953
287,24.281,24.031,0.957
288,24.5725,24.037,0.96
289,24.524,24.034,0.963
290,23.959,24.037,0.967
291,24.9225,24.02,0.97
292,24.947,24.018,0.973
293,24.5115,24.041,0.977
294,23.6335,24.045,0.98
295,23.417,24.04,0.983
296,23.7685,24.026,0.987
297,23.938,24.037,0.99
298,25.959,23.996,0.993
299,25.334,24.008,0.997
300,24.2395,24.021,1
301,24.9595,24.003,1.003
302,25.647,24.01,1.007
303,25.3755,24.006,1.01
304,25.8095,24.001,1.013
305,25.549,23.999,1.017
306,26.918,23.971,1.02
307,27.9755,23.953,1.023
308,25.4835,23.99,1.027
309,19.0635,24.124,1.03
310,16.584,24.143,1.033
311,16.543,24.171,1.037
312,15.78,24.172,1.04
313,16.8275,24.157,1.043
314,18.2235,24.128,1.047
315,15.1455,24.186,1.05
316,15.454,24.184,1.053
317,16.425,24.168,1.057
318,16.742,24.174,1.06
319,18.057,24.145,1.063
320,18.4915,24.137,1.067
321,17.354,24.149,1.07
322,17.966,24.147,1.073
323,16.066,24.179,1.077
324,15.934,24.19,1.08
325,16.439,24.179,1.083
326,15.1795,24.197,1.087
327,19.644,24.127,1.09
328,19.449,24.129,1.093
329,17.7255,24.156,1.097
330,16.499,24.184,1.1
331,19.789,24.119,1.103
332,19.8065,24.117,1.107
333,20.3655,24.113,1.11
334,18.9865,24.13,1.113
335,13.9755,24.217,1.117
336,13.318,24.232,1.12
337,17.593,24.164,1.123
338,16.9045,24.169,1.127
339,16.694,24.174,1.13
340,18.4385,24.151,1.133
341,19.102,24.143,1.137
342,19.287,24.126,1.14
343,15.5265,24.195,1.143
344,17.0995,24.17,1.147
345,18.696,24.164,1.15
346,22.933,24.065,1.153
347,23.528,24.049,1.157
348,19.5785,24.112,1.16
349,18.057,24.148,1.163
350,17.579,24.15,1.167
351,16.796,24.173,1.17
352,17.586,24.174,1.173
353,20.2075,24.112,1.177
354,22.6755,24.082,1.18
355,24.3875,24.039,1.183
356,25.4035,24.013,1.187
357,25.314,24.01,1.19
358,24.1155,24.022,1.193
359,22.637,24.065,1.197
360,24.0815,24.024,1.2
361,22.1075,24.083,1.203
362,23.0955,24.046,1.207
363,23.9265,24.034,1.21
364,24.551,24.026,1.213
365,23.9265,24.023,1.217
366,23.4455,24.034,1.22
367,23.2875,24.039,1.223
368,22.7365,24.068,1.227
369,21.6465,24.066,1.23
370,20.6375,24.089,1.233
371,19.2955,24.113,1.237
372,16.7875,24.147,1.24
373,17.142,24.143,1.243
374,18.8215,24.12,1.247
375,20.5505,24.082,1.25
376,19.5955,24.11,1.253
377,22.395,24.058,1.257
378,21.9125,24.082,1.26
379,21.5055,24.057,1.263
380,20.871,24.074,1.267
381,20.956,24.083,1.27
382,22.926,24.042,1.273
383,22.6655,24.041,1.277
384,25.57,23.993,1.28
385,29.211,23.937,1.283
386,30.4945,23.907,1.287
387,28.636,23.911,1.29
388,26.2675,23.967,1.293
389,24.4845,23.985,1.297
390,24.1045,24,1.3
391,24.83,23.996,1.303
392,25.0835,23.984,1.307
393,23.2005,24.015,1.31
394,22.7865,24.032,1.313
395,23.804,23.999,1.317
396,23.256,24.029,1.32
397,21.184,24.047,1.323
398,19.469,24.071,1.327
399,19.7905,24.075,1.33
400,26.854,23.937,1.333
401,26.168,23.948,1.337
402,23.854,24.002,1.34
403,22.586,24.011,1.343
404,23.235,24.009,1.347
405,23.579,23.998,1.35
406,21.705,24.024,1.353
407,22.3735,24.024,1.357
408,23.7015,23.986,1.36
409,23.9635,23.977,1.363
410,24.1015,23.993,1.367
411,23.4555,24.006,1.37
412,23.337,23.99,1.373
413,21.665,24.013,1.377
414,22.7425,24.007,1.38
415,22.068,24.016,1.383
416,21.837,24.018,1.387
417,21.406,24.027,1.39
418,22.465,24.01,1.393
419,22.0405,24.006,1.397
420,20.707,24.04,1.4
421,20.2815,24.043,1.403
422,21.2155,24.037,1.407
423,21.5455,24.027,1.41
424,20.727,24.036,1.413
425,19.331,24.068,1.417
426,19.1675,24.075,1.42
427,18.241,24.078,1.423
428,18.047,24.093,1.427
429,16.943,24.107,1.43
430,17.0765,24.102,1.433
431,17.747,24.089,1.437
432,16.9825,24.118,1.44
433,17.33,24.1,1.443
434,19.2455,24.078,1.447
435,19.657,24.07,1.45
436,17.9165,24.1,1.453
437,17.936,24.09,1.457
438,18.4445,24.084,1.46
439,18.009,24.085,1.463
440,17.5805,24.107,1.467
441,19.042,24.061,1.47
442,19.657,24.06,1.473
443,20.4965,24.047,1.477
444,18.4315,24.08,1.48
445,19.076,24.086,1.483
446,21.6435,24.029,1.487
447,19.4105,24.061,1.49
448,17.804,24.087,1.493
449,15.518,24.129,1.497
450,19.668,24.059,1.5
451,19.946,24.055,1.503
452,19.8375,24.069,1.507
453,22.415,24.006,1.51
454,21.642,24.019,1.513
455,21.9725,24.011,1.517
456,18.9325,24.066,1.52
457,20.4085,24.035,1.523
458,20.683,24.042,1.527
459,20.771,24.026,1.53
460,20.4155,24.038,1.533
461,19.153,24.063,1.537
462,20.125,24.046,1.54
463,22.5315,24.004,1.543
464,21.877,24.023,1.547
465,21.6975,24.012,1.55
466,23.4285,23.971,1.553
467,23.9765,23.966,1.557
468,22.069,24.01,1.56
469,20.0665,24.039,1.563
470,18.1225,24.068,1.567
471,19.402,24.045,1.57
472,20.296,24.031,1.573
473,19.422,24.042,1.577
474,22.3825,23.997,1.58
475,26.6035,23.907,1.583
476,22.015,23.991,1.587
477,22.526,23.987,1.59
478,27.3875,23.896,1.593
479,27.0745,23.905,1.597
480,25.949,23.9,1.6
481,22.835,23.969,1.603
482,23.2505,23.957,1.607
483,24.8645,23.929,1.61
484,26.272,23.888,1.613
485,22.546,23.968,1.617
486,20.9405,23.996,1.62
487,20.6815,23.994,1.623
488,21.3805,23.978,1.627
489,21.8285,23.98,1.63
490,19.755,24.013,1.633
491,18.292,24.048,1.637
492,16.812,24.068,1.64
493,16.271,24.08,1.643
494,17.185,24.062,1.647
495,18.3005,24.044,1.65
496,19.859,24.023,1.653
497,20.502,23.999,1.657
498,19.126,24.038,1.66
499,18.6765,24.039,1.663
500,19.466,24.021,1.667
501,20.845,24.001,1.67
502,21.6665,23.979,1.673
503,21.823,24.007,1.677
504,21.88,23.971,1.68
505,21.8515,23.972,1.683
506,21.42,23.988,1.687
507,20.871,23.99,1.69
508,20.478,23.998,1.693
509,20.2575,24.005,1.697
510,20.4085,23.995,1.7
511,23.0085,23.953,1.703
512,22.378,23.961,1.707
513,20.7785,23.982,1.71
514,18.4785,24.039,1.713
515,17.5305,24.04,1.717
516,18.8985,24.029,1.72
517,20.992,23.992,1.723
518,19.8815,24.014,1.727
519,20.323,24.005,1.73
520,18.82,24.026,1.733
521,17.673,24.042,1.737
522,17.081,24.052,1.74
523,16.281,24.074,1.743
524,13.1655,24.12,1.747
525,14.774,24.098,1.75
526,17.979,24.04,1.753
527,18.1765,24.038,1.757
528,17.2675,24.054,1.76
529,13.8545,24.107,1.763
530,13.21,24.122,1.767
531,15.5795,24.084,1.77
532,20.871,23.99,1.773
533,17.925,24.041,1.777
534,15.376,24.084,1.78
535,12.4525,24.135,1.783
536,11.8875,24.153,1.787
537,13.591,24.131,1.79
538,16.472,24.077,1.793
539,16.846,24.073,1.797
540,15.114,24.105,1.8
541,15.111,24.11,1.803
542,17.8495,24.06,1.807
543,17.6345,24.068,1.81
544,16.459,24.092,1.813
545,14.9875,24.104,1.817
546,16.8945,24.071,1.82
547,18.2265,24.04,1.823
548,17.6815,24.055,1.827
549,17.407,24.065,1.83
550,16.6865,24.063,1.833
551,15.0075,24.101,1.837
552,17.5465,24.066,1.84
553,19.1075,24.032,1.843
554,20.1665,24.006,1.847
555,20.252,24,1.85
556,19.7765,24.012,1.853
557,19.725,24.013,1.857
558,20.3085,23.997,1.86
559,20.9775,23.984,1.863
560,21.0515,23.983,1.867
561,20.996,23.989,1.87
562,22.2615,23.971,1.873
563,22.97,23.946,1.877
564,21.494,23.964,1.88
565,19.254,24.009,1.883
566,18.4785,24.016,1.887
567,17.6415,24.031,1.89
568,18.686,24.021,1.893
569,20.1235,23.986,1.897
570,20.488,24.007,1.9
571,20.972,23.974,1.903
572,21.423,23.966,1.907
573,21.678,23.968,1.91
574,21.689,23.96,1.913
575,20.75,23.979,1.917
576,20.222,23.983,1.92
577,21.0075,23.986,1.923
578,22.0095,23.946,1.927
579,22.408,23.943,1.93
580,21.917,23.944,1.933
581,22.664,23.932,1.937
582,22.8275,23.93,1.94
583,23.195,23.908,1.943
584,23.027,23.92,1.947
585,23.209,23.911,1.95
586,25.116,23.896,1.953
587,24.4955,23.882,1.957
588,24.278,23.876,1.96
589,24.3405,23.873,1.963
590,25.284,23.861,1.967
591,23.6335,23.89,1.97
592,21.6805,23.924,1.973
593,23.1565,23.898,1.977
594,22.122,23.938,1.98
595,21.2565,23.935,1.983
596,21.3745,23.934,1.987
597,20.613,23.944,1.99
598,23.104,23.897,1.993
599,26.1625,23.834,1.997
600,26.2035,23.829,2
601,24.2765,23.864,2.003
602,25.0265,23.863,2.007
603,24.0715,23.874,2.01
604,22.3365,23.897,2.013
605,20.871,23.932,2.017
606,19.314,23.95,2.02
607,20.891,23.935,2.023
608,20.881,23.933,2.027
609,22.55,23.905,2.03
610,22.2215,23.9,2.033
611,22.9345,23.88,2.037
612,22.815,23.902,2.04
613,22.4945,23.885,2.043
614,23.054,23.878,2.047
615,21.974,23.897,2.05
616,22.852,23.879,2.053
617,22.294,23.891,2.057
618,19.082,23.955,2.06
619,20.1035,23.964,2.063
620,20.4255,23.947,2.067
621,19.0035,23.953,2.07
622,20.8495,23.926,2.073
623,21.3915,23.902,2.077
624,22.8375,23.873,2.08
625,22.667,23.893,2.083
626,24.009,23.843,2.087
627,24.9,23.832,2.09
628,26.2465,23.818,2.093
629,21.0945,23.898,2.097
630,19.3025,23.93,2.1
631,18.622,23.945,2.103
632,19.2795,23.946,2.107
633,19.469,23.956,2.11
634,21.494,23.898,2.113
635,24.4345,23.833,2.117
636,21.4445,23.889,2.12
637,20.078,23.929,2.123
638,18.9055,23.947,2.127
639,16.8875,23.97,2.13
640,13.974,24.033,2.133
641,19.119,23.944,2.137
642,21.8515,23.881,2.14
643,22.075,23.882,2.143
644,20.881,23.937,2.147
645,17.112,23.974,2.15
646,19.6155,23.961,2.153
647,21.036,23.908,2.157
648,21.581,23.89,2.16
649,23.148,23.857,2.163
650,22.253,23.878,2.167
651,20.9265,23.929,2.17
652,21.3005,23.883,2.173
653,18.881,23.96,2.177
654,19.893,23.948,2.18
655,19.4905,23.928,2.183
656,18.232,23.952,2.187
657,17.851,23.96,2.19
658,19.731,23.925,2.193
659,16.2225,23.982,2.197
660,16.6,23.982,2.2
661,16.8075,23.98,2.203
662,16.4175,24.006,2.207
663,20.952,23.905,2.21
664,19.069,23.933,2.213
665,16.7195,23.977,2.217
666,16.022,24.001,2.22
667,18.759,23.955,2.223
668,19.8845,23.921,2.227
669,20.5575,23.919,2.23
670,20.7785,23.906,2.233
671,21.076,23.89,2.237
672,18.0715,23.951,2.24
673,17.616,23.962,2.243
674,18.147,23.955,2.247
675,16.325,23.996,2.25
676,16.291,23.983,2.253
677,18.5125,23.962,2.257
678,18.5725,23.956,2.26
679,19.795,23.919,2.263
680,19.758,23.925,2.267
681,19.8165,23.919,2.27
682,17.929,23.957,2.273
683,18.541,23.952,2.277
684,19.866,23.913,2.28
685,17.9405,23.951,2.283
686,18.1225,23.953,2.287
687,21.1015,23.91,2.29
688,21.9055,23.875,2.293
689,22.768,23.853,2.297
690,22.4435,23.853,2.3
691,20.619,23.9,2.303
692,19.9485,23.903,2.307
693,18.9835,23.924,2.31
694,19.6955,23.921,2.313
695,19.509,23.932,2.317
696,19.2425,23.944,2.32
697,19.17,23.927,2.323
698,18.4415,23.94,2.327
699,20.206,23.899,2.33
700,20.801,23.887,2.333
701,21.009,23.878,2.337
702,22.6625,23.87,2.34
703,21.366,23.882,2.343
704,20.182,23.895,2.347
705,18.453,23.933,2.35
706,19.499,23.909,2.353
707,18.9055,23.918,2.357
708,20.851,23.879,2.36
709,19.442,23.909,2.363
710,19.8645,23.905,2.367
711,20.36,23.896,2.37
712,20.2345,23.9,2.373
713,20.01,23.9,2.377
714,22.818,23.841,2.38
715,23.787,23.823,2.383
716,22.4405,23.836,2.387
717,21.3205,23.859,2.39
718,20.108,23.874,2.393
719,19.788,23.891,2.397
720,19.59,23.883,2.4
721,19.446,23.896,2.403
722,19.287,23.916,2.407
723,19.99,23.885,2.41
724,20.9835,23.865,2.413
725,21.2325,23.864,2.417
726,21.0345,23.861,2.42
727,21.7375,23.861,2.423
728,21.779,23.844,2.427
729,22.5245,23.852,2.43
730,22.4935,23.832,2.433
731,22.351,23.827,2.437
732,22.439,23.829,2.44
733,22.1235,23.836,2.443
734,23.195,23.83,2.447
735,24.1215,23.793,2.45
736,24.11,23.806,2.453
737,24.369,23.798,2.457
738,23.72,23.794,2.46
739,22.3895,23.818,2.463
740,17.8025,23.897,2.467
741,15.8585,23.945,2.47
742,15.554,23.953,2.473
743,16.116,23.949,2.477
744,19.7635,23.894,2.48
745,19.439,23.88,2.483
746,18.0855,23.902,2.487
747,19.079,23.879,2.49
748,20.461,23.856,2.493
749,19.977,23.87,2.497
750,20.391,23.86,2.5
751,20.044,23.856,2.503
752,19.193,23.904,2.507
753,18.3505,23.911,2.51
754,17.3555,23.927,2.513
755,18.4445,23.899,2.517
756,20.6045,23.856,2.52
757,20.639,23.853,2.523
758,19.55,23.874,2.527
759,18.807,23.884,2.53
760,19.146,23.874,2.533
761,20.5095,23.86,2.537
762,21.567,23.844,2.54
763,18.6235,23.889,2.543
764,20.999,23.853,2.547
765,20.8365,23.85,2.55
766,20.717,23.847,2.553
767,19.53,23.869,2.557
768,17.5335,23.915,2.56
769,18.464,23.897,2.563
770,19.96,23.864,2.567
771,21.0945,23.834,2.57
772,22.67,23.809,2.573
773,22.207,23.822,2.577
774,20.364,23.845,2.58
775,20.276,23.847,2.583
776,20,23.847,2.587
777,20.195,23.85,2.59
778,20.8365,23.839,2.593
779,20.3755,23.847,2.597
780,20.898,23.825,2.6
781,21.1685,23.832,2.603
782,21.3265,23.822,2.607
783,20.808,23.831,2.61
784,19.842,23.86,2.613
785,19.671,23.863,2.617
786,21.7945,23.823,2.62
787,21.2865,23.819,2.623
788,20.3825,23.841,2.627
789,19.7595,23.847,2.63
790,20.666,23.827,2.633
791,23.743,23.78,2.637
792,23.922,23.766,2.64
793,22.909,23.79,2.643
794,23.42,23.786,2.647
795,23.653,23.771,2.65
796,23.901,23.764,2.653
797,23.2705,23.768,2.657
798,22.2855,23.782,2.66
799,24.5325,23.753,2.663
800,25.4435,23.735,2.667
801,25.522,23.729,2.67
802,25.361,23.728,2.673
803,25.398,23.744,2.677
804,25.24,23.738,2.68
805,25.7795,23.714,2.683
806,23.9195,23.74,2.687
807,25.4865,23.715,2.69
808,24.2565,23.736,2.693
809,22.7255,23.761,2.697
810,22.065,23.773,2.7
811,22.156,23.777,2.703
812,23.0895,23.763,2.707
813,22.529,23.764,2.71
814,21.911,23.793,2.713
815,19.2555,23.821,2.717
816,21.009,23.794,2.72
817,24.386,23.737,2.723
818,26.3345,23.711,2.727
819,26.292,23.703,2.73
820,24.756,23.714,2.733
821,21.446,23.776,2.737
822,19.402,23.807,2.74
823,18.84,23.814,2.743
824,23.444,23.736,2.747
825,24.463,23.721,2.75
826,26.3885,23.69,2.753
827,25.845,23.711,2.757
828,24.513,23.722,2.76
829,21.9795,23.771,2.763
830,20.343,23.784,2.767
831,20.377,23.781,2.77
832,18.1455,23.823,2.773
833,15.4015,23.88,2.777
834,17.835,23.83,2.78
835,20.263,23.788,2.783
836,23.05,23.764,2.787
837,22.846,23.75,2.79
838,20.774,23.781,2.793
839,20.0555,23.791,2.797
840,19.718,23.798,2.8
841,19.7965,23.793,2.803
842,20.683,23.778,2.807
843,21.376,23.769,2.81
844,23.3545,23.75,2.813
845,23.861,23.733,2.817
846,23.498,23.725,2.82
847,22.0435,23.742,2.823
848,21.1785,23.761,2.827
849,21.0145,23.766,2.83
850,20.2135,23.78,2.833
851,18.41,23.805,2.837
852,18.8925,23.808,2.84
853,24.0815,23.729,2.843
854,20.36,23.781,2.847
855,19.3255,23.794,2.85
856,18.097,23.816,2.853
857,15.1495,23.872,2.857
858,19.177,23.798,2.86
859,23.801,23.722,2.863
860,25.489,23.696,2.867
861,21.5085,23.75,2.87
862,19.3055,23.805,2.873
863,19.728,23.792,2.877
864,20.3725,23.781,2.88
865,21.5325,23.755,2.883
866,27.0475,23.663,2.887
867,28.2445,23.638,2.89
868,29.6775,23.631,2.893
869,30.577,23.608,2.897
870,28.3055,23.626,2.9
871,26.773,23.647,2.903
872,24.3465,23.678,2.907
873,25.2285,23.675,2.91
874,23.555,23.691,2.913
875,24.635,23.672,2.917
876,23.4825,23.696,2.92
877,26.1695,23.654,2.923
878,25.1505,23.67,2.927
879,25.6455,23.67,2.93
880,25.61,23.658,2.933
881,26.313,23.642,2.937
882,27.402,23.619,2.94
883,27.8215,23.605,2.943
884,25.811,23.647,2.947
885,25.0195,23.658,2.95
886,24.634,23.66,2.953
887,21.187,23.716,2.957
888,20.0895,23.728,2.96
889,20.2985,23.73,2.963
890,20.8225,23.719,2.967
891,20.5505,23.729,2.97
892,20.918,23.718,2.973
893,20.912,23.722,2.977
894,21.033,23.713,2.98
895,23.3985,23.676,2.983
896,22.6515,23.698,2.987
897,23.6035,23.682,2.99
898,23.821,23.67,2.993
899,24.0945,23.665,2.997
900,24.0415,23.67,3
901,24.0875,23.673,3.003
902,23.558,23.683,3.007
903,23.6245,23.674,3.01
904,24.1825,23.665,3.013
905,24.194,23.657,3.017
906,23.9305,23.659,3.02
907,24.2765,23.654,3.023
908,24.07,23.66,3.027
909,24.537,23.651,3.03
910,24.682,23.635,3.033
911,24.89,23.651,3.037
912,25.0125,23.652,3.04
913,25.0325,23.627,3.043
914,24.366,23.644,3.047
915,24.399,23.642,3.05
916,24.803,23.639,3.053
917,24.584,23.632,3.057
918,24.339,23.647,3.06
919,24.069,23.66,3.063
920,24.18,23.644,3.067
921,24.4045,23.642,3.07
922,24.355,23.641,3.073
923,24.1585,23.635,3.077
924,24.224,23.63,3.08
925,24.1215,23.66,3.083
926,23.952,23.632,3.087
927,24.07,23.642,3.09
928,24.029,23.631,3.093
929,24.54,23.626,3.097
930,23.4485,23.64,3.1
931,24.3975,23.624,3.103
932,24.5015,23.616,3.107
933,24.08,23.633,3.11
934,24.1385,23.637,3.113
935,23.8965,23.637,3.117
936,24.366,23.627,3.12
937,25.25,23.604,3.123
938,25.1675,23.606,3.127
939,24.6395,23.614,3.13
940,24.806,23.61,3.133
941,24.275,23.606,3.137
942,23.474,23.625,3.14
943,24.4215,23.628,3.143
944,24.023,23.61,3.147
945,23.935,23.628,3.15
946,23.505,23.628,3.153
947,23.4525,23.621,3.157
948,24.059,23.609,3.16
949,24.0775,23.608,3.163
950,24.4715,23.606,3.167
951,24.5085,23.611,3.17
952,24.7745,23.597,3.173
953,24.5695,23.603,3.177
954,24.631,23.599,3.18
955,24.8515,23.59,3.183
956,24.769,23.595,3.187
957,24.93,23.593,3.19
958,24.866,23.595,3.193
959,25.048,23.579,3.197
960,24.92,23.594,3.2
961,24.766,23.591,3.203
962,24.073,23.598,3.207
963,24.9155,23.585,3.21
964,25.3825,23.577,3.213
965,25.6855,23.562,3.217
966,25.129,23.57,3.22
967,24.9155,23.577,3.223
968,24.631,23.591,3.227
969,24.661,23.584,3.23
970,25.041,23.57,3.233
971,25.287,23.57,3.237
972,24.6565,23.579,3.24
973,24.695,23.572,3.243
974,24.6195,23.566,3.247
975,24.8215,23.563,3.25
976,24.682,23.579,3.253
977,24.4885,23.586,3.257
978,25.0125,23.563,3.26
979,24.3265,23.573,3.263
980,24.9225,23.562,3.267
981,25.0435,23.553,3.27
982,25.1035,23.553,3.273
983,24.857,23.557,3.277
984,25.014,23.569,3.28
985,24.591,23.565,3.283
986,24.867,23.553,3.287
987,25.0595,23.553,3.29
988,24.5385,23.551,3.293
989,24.312,23.558,3.297
990,24.477,23.565,3.3
991,24.5315,23.56,3.303
992,24.709,23.547,3.307
993,24.9215,23.552,3.31
994,24.799,23.56,3.313
995,24.7475,23.548,3.317
996,24.705,23.55,3.32
997,25.273,23.541,3.323
998,26.7985,23.517,3.327
999,25.718,23.532,3.33
1000,25.8335,23.52,3.333
1001,25.596,23.525,3.337
1002,25.472,23.537,3.34
1003,25.1545,23.521,3.343
1004,25.2,23.518,3.347
1005,24.8075,23.531,3.35
1006,23.969,23.544,3.353
1007,20.4595,23.609,3.357
1008,15.8655,23.678,3.36
1009,17.112,23.669,3.363
1010,20.3925,23.639,3.367
1011,24.026,23.571,3.37
1012,23.0455,23.574,3.373
1013,21.732,23.583,3.377
1014,18.9595,23.632,3.38
1015,17.8365,23.653,3.383
1016,19.3165,23.63,3.387
1017,21.0955,23.614,3.39
1018,21.8315,23.595,3.393
1019,21.702,23.604,3.397
1020,21.382,23.599,3.4
1021,20.629,23.605,3.403
1022,20.734,23.614,3.407
1023,21.225,23.606,3.41
1024,20.6745,23.615,3.413
1025,20.0225,23.611,3.417
1026,19.768,23.624,3.42
1027,20.138,23.633,3.423
1028,19.607,23.631,3.427
1029,19.486,23.631,3.43
1030,18.507,23.645,3.433
1031,22.079,23.59,3.437
1032,22.2355,23.58,3.44
1033,20.9035,23.606,3.443
1034,20.168,23.627,3.447
1035,19.97,23.628,3.45
1036,19.177,23.635,3.453
1037,19.0305,23.635,3.457
1038,18.672,23.636,3.46
1039,20.878,23.595,3.463
1040,20.0225,23.616,3.467
1041,20.1365,23.62,3.47
1042,20.5735,23.612,3.473
1043,21.2935,23.611,3.477
1044,20.289,23.62,3.48
1045,21.268,23.589,3.483
1046,20.8635,23.609,3.487
1047,21.1055,23.595,3.49
1048,21.995,23.581,3.493
1049,20.451,23.603,3.497
1050,19.0465,23.63,3.5
1051,19.97,23.623,3.503
1052,20.683,23.609,3.507
1053,19.573,23.614,3.51
1054,18.682,23.626,3.513
1055,20.4025,23.605,3.517
1056,17.996,23.638,3.52
1057,19.483,23.628,3.523
1058,20.629,23.606,3.527
1059,21.1725,23.599,3.53
1060,21.581,23.58,3.533
1061,22.321,23.576,3.537
1062,20.397,23.598,3.54
1063,18.981,23.616,3.543
1064,18.7345,23.637,3.547
1065,18.4955,23.63,3.55
1066,19.0095,23.633,3.553
1067,17.5405,23.647,3.557
1068,15.3105,23.682,3.56
1069,15.622,23.691,3.563
1070,16.775,23.668,3.567
1071,18.9425,23.623,3.57
1072,18.867,23.629,3.573
1073,19.0905,23.627,3.577
1074,17.7555,23.643,3.58
1075,17.7525,23.644,3.583
1076,18.339,23.651,3.587
1077,21.15,23.583,3.59
1078,20.391,23.609,3.593
1079,20.071,23.604,3.597
1080,20.6745,23.592,3.6
1081,19.499,23.611,3.603
1082,18.9865,23.624,3.607
1083,18.5825,23.625,3.61
1084,20.3455,23.609,3.613
1085,22.203,23.576,3.617
1086,20.939,23.586,3.62
1087,20.353,23.601,3.623
1088,21.541,23.575,3.627
1089,22.19,23.562,3.63
1090,20.31,23.587,3.633
1091,18.477,23.614,3.637
1092,17.6345,23.635,3.64
1093,17.0085,23.638,3.643
1094,18.228,23.635,3.647
1095,16.873,23.642,3.65
1096,16.8035,23.651,3.653
1097,15.777,23.658,3.657
1098,14.949,23.671,3.66
1099,18.608,23.628,3.663
1100,17.061,23.658,3.667
1101,15.968,23.665,3.67
1102,14.071,23.695,3.673
1103,14.8875,23.684,3.677
1104,17.2575,23.653,3.68
1105,17.4695,23.634,3.683
1106,16.0475,23.664,3.687
1107,17.905,23.638,3.69
1108,20.4595,23.594,3.693
1109,18.9355,23.621,3.697
1110,19.7055,23.611,3.7
1111,19.264,23.612,3.703
1112,18.7035,23.627,3.707
1113,20.4295,23.59,3.71
1114,19.5755,23.597,3.713
1115,20.293,23.579,3.717
1116,20.794,23.571,3.72
1117,20.834,23.583,3.723
1118,20.034,23.595,3.727
1119,20.9845,23.567,3.73
1120,21.1725,23.565,3.733
1121,21.2735,23.559,3.737
1122,21.0845,23.559,3.74
1123,20.5465,23.578,3.743
1124,20.898,23.564,3.747
1125,21.2635,23.567,3.75
1126,22.0705,23.559,3.753
1127,22.3895,23.536,3.757
1128,22.6955,23.528,3.76
1129,23.5135,23.51,3.763
1130,19.872,23.574,3.767
1131,18.1725,23.597,3.77
1132,19.0195,23.584,3.773
1133,22.139,23.531,3.777
1134,22.829,23.519,3.78
1135,22.069,23.532,3.783
1136,22.9145,23.521,3.787
1137,22.4065,23.52,3.79
1138,23.8355,23.489,3.793
1139,26.134,23.452,3.797
1140,26.282,23.44,3.8
1141,25.5845,23.465,3.803
1142,26.4355,23.436,3.807
1143,27.571,23.426,3.81
1144,26.599,23.424,3.813
1145,26.457,23.434,3.817
1146,25.882,23.43,3.82
1147,23.2235,23.479,3.823
1148,22.8065,23.492,3.827
1149,21.3575,23.502,3.83
1150,21.504,23.502,3.833
1151,23.2175,23.498,3.837
1152,22.6555,23.49,3.84
1153,22.116,23.494,3.843
1154,22.2015,23.498,3.847
1155,23.619,23.459,3.85
1156,24.8715,23.44,3.853
1157,24.305,23.442,3.857
1158,23.579,23.45,3.86
1159,22.6085,23.486,3.863
1160,21.2495,23.506,3.867
1161,21.605,23.494,3.87
1162,21.2565,23.503,3.873
1163,21.9185,23.478,3.877
1164,24.063,23.455,3.88
1165,23.363,23.452,3.883
1166,21.857,23.486,3.887
1167,21.1285,23.509,3.89
1168,22.163,23.488,3.893
1169,22.9985,23.457,3.897
1170,23.3185,23.459,3.9
1171,23.249,23.447,3.903
1172,22.809,23.453,3.907
1173,22.4165,23.47,3.91
1174,22.5685,23.465,3.913
1175,22.435,23.467,3.917
1176,22.4035,23.473,3.92
1177,21.934,23.467,3.923
1178,22.3965,23.458,3.927
1179,21.7205,23.472,3.93
1180,21.302,23.476,3.933
1181,22.277,23.455,3.937
1182,22.6855,23.453,3.94
1183,22.886,23.46,3.943
1184,22.5815,23.451,3.947
1185,22.5615,23.45,3.95
1186,22.664,23.451,3.953
1187,23.2445,23.434,3.957
1188,23.4225,23.428,3.96
1189,22.6555,23.446,3.963
1190,22.768,23.438,3.967
1191,21.655,23.45,3.97
1192,22.001,23.462,3.973
1193,22.274,23.444,3.977
1194,22.687,23.432,3.98
1195,22.95,23.428,3.983
1196,21.9925,23.442,3.987
1197,22.354,23.447,3.99
1198,23.414,23.419,3.993
1199,23.5435,23.419,3.997
1200,22.933,23.451,4
1201,23.0315,23.437,4.003
1202,22.7935,23.428,4.007
1203,23.087,23.422,4.01
1204,22.6055,23.425,4.013
1205,22.105,23.443,4.017
1206,21.7945,23.437,4.02
1207,22.1175,23.458,4.023
1208,22.839,23.432,4.027
1209,23.1335,23.424,4.03
1210,23.182,23.412,4.033
1211,22.7155,23.433,4.037
1212,22.5045,23.434,4.04
1213,23.0385,23.402,4.043
1214,23.36,23.408,4.047
1215,22.398,23.418,4.05
1216,22.7425,23.432,4.053
1217,22.6785,23.412,4.057
1218,22.301,23.43,4.06
1219,22.698,23.422,4.063
1220,22.523,23.423,4.067
1221,23.3345,23.397,4.07
1222,23.1025,23.398,4.073
1223,23.673,23.391,4.077
1224,23.6345,23.38,4.08
1225,23.7825,23.384,4.083
1226,23.0425,23.397,4.087
1227,22.388,23.418,4.09
1228,22.4105,23.411,4.093
1229,23.0955,23.403,4.097
1230,21.786,23.417,4.1
1231,21.9665,23.421,4.103
1232,21.8045,23.405,4.107
1233,21.853,23.423,4.11
1234,23.0455,23.391,4.113
1235,22.97,23.39,4.117
1236,22.818,23.401,4.12
1237,22.701,23.406,4.123
1238,24.7635,23.358,4.127
1239,24.493,23.36,4.13
1240,24.493,23.357,4.133
1241,25.122,23.354,4.137
1242,24.268,23.376,4.14
1243,23.279,23.385,4.143
1244,22.4095,23.393,4.147
1245,21.443,23.402,4.15
1246,21.9085,23.398,4.153
1247,23.9605,23.364,4.157
1248,25.119,23.338,4.16
1249,25.502,23.324,4.163
1250,25.394,23.326,4.167
1251,23.6445,23.363,4.17
1252,22.735,23.375,4.173
1253,23.263,23.364,4.177
1254,23.723,23.351,4.18
1255,24.372,23.343,4.183
1256,24.4475,23.343,4.187
1257,23.848,23.349,4.19
1258,22.4775,23.377,4.193
1259,22.1205,23.393,4.197
1260,22.3225,23.384,4.2
1261,22.65,23.369,4.203
1262,23.1765,23.361,4.207
1263,23.881,23.362,4.21
1264,23.78,23.343,4.213
1265,23.0555,23.348,4.217
1266,23.077,23.368,4.22
1267,23.68,23.358,4.223
1268,23.5435,23.357,4.227
1269,24.134,23.339,4.23
1270,23.467,23.349,4.233
1271,23.8835,23.343,4.237
1272,22.6115,23.354,4.24
1273,22.7895,23.361,4.243
1274,22.476,23.352,4.247
1275,22.317,23.37,4.25
1276,22.63,23.375,4.253
1277,25.25,23.315,4.257
1278,23.4495,23.339,4.26
1279,22.623,23.366,4.263
1280,21.753,23.365,4.267
1281,21.998,23.373,4.27
1282,21.853,23.366,4.273
1283,22.0035,23.375,4.277
1284,23.4695,23.346,4.28
1285,22.62,23.341,4.283
1286,23.0655,23.353,4.287
1287,23.081,23.338,4.29
1288,23.363,23.339,4.293
1289,23.43,23.329,4.297
1290,23.209,23.338,4.3
1291,23.219,23.341,4.303
1292,23.357,23.343,4.307
1293,23.505,23.336,4.31
1294,23.0725,23.33,4.313
1295,23.2205,23.327,4.317
1296,23.0115,23.337,4.32
1297,23.4795,23.326,4.323
1298,23.2645,23.325,4.327
1299,23.2645,23.323,4.33
1300,22.556,23.347,4.333
1301,22.1815,23.363,4.337
1302,22.2755,23.341,4.34
1303,22.8235,23.327,4.343
1304,22.9445,23.332,4.347
1305,23.263,23.326,4.35
1306,23.437,23.313,4.353
1307,23.1795,23.336,4.357
1308,23.212,23.33,4.36
1309,22.8705,23.328,4.363
1310,23.0425,23.322,4.367
1311,23.1765,23.314,4.37
1312,22.428,23.332,4.373
1313,22.096,23.345,4.377
1314,23.05,23.318,4.38
1315,23.518,23.311,4.383
1316,22.795,23.333,4.387
1317,22.321,23.336,4.39
1318,21.524,23.336,4.393
1319,22.661,23.316,4.397
1320,23.3855,23.317,4.4
1321,23.3555,23.306,4.403
1322,22.772,23.315,4.407
1323,21.157,23.344,4.41
1324,10.739,23.536,4.413
1325,11.2585,23.528,4.417
1326,7.4375,23.584,4.42
1327,6.5875,23.607,4.423
1328,4.4985,23.641,4.427
1329,3.919,23.656,4.43
1330,4.036,23.663,4.433
1331,4.0515,23.664,4.437
1332,4.0215,23.684,4.44
1333,3.814,23.675,4.443
1334,1.793,23.716,4.447
1335,1.8015,23.719,4.45
1336,1.2805,23.723,4.453
1337,0.556,23.736,4.457
1338,0.6485,23.743,4.46
1339,0.683,23.746,4.463
1340,0.663,23.768,4.467
1341,0.616,23.765,4.47
1342,0.613,23.78,4.473
1343,0.647,23.775,4.477
1344,0.704,23.769,4.48
1345,0.7225,23.764,4.483
1346,0.61,23.778,4.487
1347,0.6885,23.773,4.49
1348,0.6955,23.78,4.493
1349,0.7085,23.788,4.497
1350,0.741,23.79,4.5
1351,0.656,23.787,4.503
1352,0.633,23.802,4.507
1353,0.6815,23.797,4.51
1354,0.7215,23.796,4.513
1355,0.6915,23.817,4.517
1356,0.647,23.805,4.52
1357,0.687,23.805,4.523
1358,0.687,23.814,4.527
1359,0.619,23.83,4.53
1360,0.734,23.818,4.533
1361,0.7085,23.816,4.537
1362,0.7155,23.815,4.54
1363,0.663,23.821,4.543
1364,0.697,23.822,4.547
1365,0.7215,23.827,4.55
1366,0.697,23.83,4.553
1367,0.6215,23.836,4.557
1368,0.646,23.85,4.56
1369,0.7,23.83,4.563
1370,0.724,23.842,4.567
1371,0.6885,23.836,4.57
1372,0.6955,23.838,4.573
1373,0.7425,23.845,4.577
1374,0.7155,23.844,4.58
1375,0.7015,23.859,4.583
1376,0.6655,23.859,4.587
1377,0.6815,23.859,4.59
1378,0.7085,23.859,4.593
1379,0.727,23.856,4.597
1380,0.7015,23.86,4.6
1381,0.731,23.866,4.603
1382,0.6885,23.858,4.607
1383,0.6615,23.863,4.61
1384,0.7115,23.862,4.613
1385,0.6955,23.867,4.617
1386,0.724,23.861,4.62
1387,0.724,23.863,4.623
1388,0.747,23.868,4.627
1389,0.7115,23.88,4.63
1390,0.7355,23.905,4.633
1391,0.717,23.872,4.637
1392,0.72,23.885,4.64
1393,0.6655,23.9,4.643
1394,0.6885,23.874,4.647
1395,0.724,23.879,4.65
1396,0.717,23.879,4.653
1397,0.761,23.877,4.657
1398,0.7085,23.889,4.66
1399,0.687,23.898,4.663
1400,0.764,23.897,4.667
1401,0.7,23.894,4.67
1402,0.737,23.882,4.673
1403,0.7225,23.896,4.677
1404,0.71,23.885,4.68
1405,0.727,23.891,4.683
1406,0.734,23.889,4.687
1407,0.747,23.91,4.69
1408,0.6985,23.911,4.693
1409,0.6545,23.907,4.697
1410,0.781,23.911,4.7
1411,0.7525,23.896,4.703
1412,0.72,23.917,4.707
1413,0.7425,23.915,4.71
1414,0.71,23.902,4.713
1415,0.747,23.907,4.717
1416,0.7355,23.904,4.72
1417,0.626,23.935,4.723
1418,0.7495,23.906,4.727
1419,0.7455,23.913,4.73
1420,0.7495,23.902,4.733
1421,0.764,23.907,4.737
1422,0.7795,23.902,4.74
1423,0.6885,23.929,4.743
1424,0.731,23.915,4.747
1425,0.684,23.918,4.75
1426,0.7585,23.927,4.753
1427,0.7225,23.913,4.757
1428,0.754,23.929,4.76
1429,0.704,23.92,4.763
1430,0.724,23.922,4.767
1431,0.74,23.924,4.77
1432,0.7225,23.921,4.773
1433,0.7625,23.928,4.777
1434,0.7,23.93,4.78
1435,0.727,23.921,4.783
1436,0.74,23.929,4.787
1437,0.741,23.927,4.79
1438,0.7655,23.926,4.793
1439,0.7325,23.923,4.797
1440,0.7125,23.934,4.8
1441,0.737,23.94,4.803
1442,0.7495,23.935,4.807
1443,0.778,23.935,4.81
1444,0.747,23.935,4.813
1445,0.73,23.931,4.817
1446,0.7525,23.935,4.82
1447,0.7325,23.935,4.823
1448,0.7425,23.938,4.827
1449,0.7125,23.942,4.83
1450,0.6755,23.956,4.833
1451,0.704,23.943,4.837
1452,0.7155,23.937,4.84
1453,0.7855,23.938,4.843
1454,0.694,23.939,4.847
1455,0.717,23.938,4.85
1456,0.7555,23.946,4.853
1457,0.741,23.957,4.857
1458,0.667,23.967,4.86
1459,0.751,23.943,4.863
1460,0.693,23.944,4.867
1461,0.72,23.941,4.87
1462,0.72,23.945,4.873
1463,0.7595,23.948,4.877
1464,0.7355,23.957,4.88
1465,0.7425,23.958,4.883
1466,0.7,23.941,4.887
1467,0.71,23.961,4.89
1468,0.741,23.949,4.893
1469,0.7355,23.942,4.897
1470,0.737,23.952,4.9
1471,0.71,23.955,4.903
1472,0.7485,23.953,4.907
1473,0.7585,23.952,4.91
1474,0.761,23.951,4.913
1475,0.687,23.967,4.917
1476,0.6885,23.969,4.92
1477,0.7525,23.953,4.923
1478,0.781,23.957,4.927
1479,0.7425,23.957,4.93
1480,0.7625,23.952,4.933
1481,0.7695,23.952,4.937
1482,0.731,23.953,4.94
1483,0.7255,23.96,4.943
1484,2.17,23.937,4.947
1485,9.3485,23.81,4.95
1486,21.4885,23.62,4.953
1487,31.9945,23.419,4.957
1488,32.9525,23.393,4.96
1489,30.87,23.41,4.963
1490,27.036,23.475,4.967
1491,26.491,23.479,4.97
1492,25.849,23.476,4.973
1493,26.4655,23.463,4.977
1494,27.244,23.442,4.98
1495,28.3495,23.412,4.983
1496,29.2235,23.396,4.987
1497,28.035,23.398,4.99
1498,28.5915,23.381,4.993
1499,28.468,23.383,4.997
1500,27.3905,23.385,5
1501,26.3075,23.414,5.003
1502,26.595,23.393,5.007
1503,27.7535,23.369,5.01
1504,27.039,23.378,5.013
1505,27.866,23.364,5.017
1506,25.717,23.401,5.02
1507,25.381,23.411,5.023
1508,24.893,23.409,5.027
1509,26.595,23.369,5.03
1510,25.654,23.382,5.033
1511,25.963,23.362,5.037
1512,26.709,23.35,5.04
1513,26.2505,23.365,5.043
1514,27.1455,23.335,5.047
1515,26.8825,23.335,5.05
1516,26.178,23.346,5.053
1517,25.9645,23.35,5.057
1518,27.7775,23.314,5.06
1519,26.6235,23.326,5.063
1520,25.781,23.34,5.067
1521,25.6625,23.331,5.07
1522,26.467,23.318,5.073
1523,25.549,23.332,5.077
1524,26.061,23.325,5.08
1525,26.2065,23.321,5.083
1526,26.925,23.307,5.087
1527,27.5855,23.287,5.09
1528,27.9695,23.271,5.093
1529,28.539,23.276,5.097
1530,28.959,23.262,5.1
1531,27.217,23.277,5.103
1532,26.73,23.291,5.107
1533,27.3195,23.283,5.11
1534,29.417,23.239,5.113
1535,28.6885,23.243,5.117
1536,27.6085,23.254,5.12
1537,25.263,23.293,5.123
1538,27.0005,23.275,5.127
1539,26.0955,23.27,5.13
1540,26.844,23.254,5.133
1541,27.275,23.272,5.137
1542,26.888,23.268,5.14
1543,26.878,23.254,5.143
1544,27.1615,23.243,5.147
1545,28.2845,23.227,5.15
1546,29.897,23.198,5.153
1547,29.3745,23.208,5.157
1548,29.117,23.202,5.16
1549,28.895,23.211,5.163
1550,26.33,23.249,5.167
1551,28.5875,23.209,5.17
1552,29.0455,23.196,5.173
1553,29.39,23.187,5.177
1554,28.1335,23.202,5.18
1555,27.1285,23.224,5.183
1556,28.4765,23.19,5.187
1557,28.8365,23.18,5.19
1558,28.589,23.193,5.193
1559,28.6185,23.196,5.197
1560,29.363,23.17,5.2
1561,28.4395,23.178,5.203
1562,27.661,23.192,5.207
1563,28.1645,23.174,5.21
1564,28.3795,23.183,5.213
1565,28.401,23.186,5.217
1566,28.337,23.169,5.22
1567,28.223,23.18,5.223
1568,28.603,23.158,5.227
1569,29.8555,23.145,5.23
1570,28.229,23.167,5.233
1571,28.6855,23.16,5.237
1572,28.367,23.157,5.24
1573,28.62,23.144,5.243
1574,28.8335,23.146,5.247
1575,28.4195,23.16,5.25
1576,28.8435,23.138,5.253
1577,29.0485,23.134,5.257
1578,28.2545,23.139,5.26
1579,28.4365,23.148,5.263
1580,28.0935,23.147,5.267
1581,28.482,23.149,5.27
1582,28.1905,23.147,5.273
1583,28.233,23.147,5.277
1584,28.1435,23.137,5.28
1585,27.554,23.145,5.283
1586,27.2865,23.153,5.287
1587,27.0135,23.154,5.29
1588,28.219,23.134,5.293
1589,27.937,23.133,5.297
1590,27.0975,23.149,5.3
1591,27.954,23.128,5.303
1592,27.6765,23.14,5.307
1593,26.8,23.147,5.31
1594,26.8825,23.138,5.313
1595,27.6835,23.129,5.317
1596,27.1555,23.134,5.32
1597,26.673,23.142,5.323
1598,26.9435,23.135,5.327
1599,28.781,23.116,5.33
1600,27.177,23.124,5.333
1601,28.22,23.108,5.337
1602,28.4365,23.107,5.34
1603,28.9705,23.096,5.343
1604,28.5705,23.106,5.347
1605,27.3235,23.12,5.35
1606,25.6925,23.153,5.353
1607,25.4125,23.167,5.357
1608,27.8045,23.124,5.36
1609,27.16,23.122,5.363
1610,26.9495,23.119,5.367
1611,28.8195,23.082,5.37
1612,27.577,23.106,5.373
1613,26.7005,23.121,5.377
1614,26.8285,23.118,5.38
1615,27.3905,23.115,5.383
1616,27.799,23.109,5.387
1617,28.226,23.09,5.39
1618,28.6,23.088,5.393
1619,28.421,23.08,5.397
1620,29.39,23.072,5.4
1621,28.055,23.088,5.403
1622,26.867,23.107,5.407
1623,25.6825,23.146,5.41
1624,26.413,23.119,5.413
1625,26.857,23.104,5.417
1626,27.17,23.105,5.42
1627,27.8915,23.083,5.423
1628,27.365,23.092,5.427
1629,28.277,23.08,5.43
1630,28.109,23.074,5.433
1631,26.2505,23.108,5.437
1632,26.625,23.121,5.44
1633,26.847,23.091,5.443
1634,24.308,23.144,5.447
1635,22.4905,23.168,5.45
1636,26.424,23.111,5.453
1637,30.13,23.039,5.457
1638,30.964,23.01,5.46
1639,24.4675,23.131,5.463
1640,22.4365,23.186,5.467
1641,24.3135,23.133,5.47
1642,26.773,23.099,5.473
1643,26.447,23.102,5.477
1644,25.206,23.116,5.48
1645,25.1815,23.118,5.483
1646,24.423,23.128,5.487
1647,24.4245,23.128,5.49
1648,23.8935,23.137,5.493
1649,25.4765,23.128,5.497
1650,26.383,23.105,5.5
1651,29.3445,23.029,5.503
1652,29.743,23.022,5.507
1653,26.938,23.071,5.51
1654,24.571,23.127,5.513
1655,26.969,23.072,5.517
1656,23.5495,23.129,5.52
1657,19.153,23.217,5.523
1658,18.3345,23.221,5.527
1659,18.6835,23.218,5.53
1660,23.6875,23.15,5.533
1661,25.196,23.114,5.537
1662,23.643,23.138,5.54
1663,19.721,23.203,5.543
1664,19.563,23.206,5.547
1665,21.1115,23.199,5.55
1666,20.3955,23.212,5.553
1667,20.084,23.202,5.557
1668,22.0095,23.175,5.56
1669,24.1115,23.128,5.563
1670,28.287,23.055,5.567
1671,29.091,23.04,5.57
1672,29.2835,23.024,5.573
1673,29.006,23.039,5.577
1674,25.61,23.112,5.58
1675,24.0675,23.135,5.583
1676,28.7665,23.042,5.587
1677,28.337,23.045,5.59
1678,26.8395,23.066,5.593
1679,25.5275,23.086,5.597
1680,22.0265,23.143,5.6
1681,19.112,23.214,5.603
1682,18.712,23.198,5.607
1683,18.3035,23.231,5.61
1684,20.158,23.199,5.613
1685,20.585,23.171,5.617
1686,21.911,23.152,5.62
1687,22.543,23.156,5.623
1688,24.6965,23.112,5.627
1689,25.6615,23.102,5.63
1690,23.155,23.143,5.633
1691,21.558,23.153,5.637
1692,19.963,23.196,5.64
1693,18.393,23.222,5.643
1694,16.967,23.238,5.647
1695,17.3045,23.24,5.65
1696,18.255,23.213,5.653
1697,17.4595,23.25,5.657
1698,17.377,23.249,5.66
1699,18.578,23.223,5.663
1700,18.6165,23.215,5.667
1701,20.2105,23.195,5.67
1702,20.9835,23.182,5.673
1703,20.2945,23.193,5.677
1704,18.08,23.229,5.68
1705,18.8985,23.228,5.683
1706,19.365,23.209,5.687
1707,17.28,23.245,5.69
1708,14.7225,23.289,5.693
1709,11.5005,23.334,5.697
1710,18.5625,23.225,5.7
1711,26.6475,23.095,5.703
1712,23.7245,23.136,5.707
1713,22.509,23.163,5.71
1714,20.613,23.205,5.713
1715,23.7885,23.153,5.717
1716,24.194,23.128,5.72
1717,24.897,23.115,5.723
1718,25.1445,23.116,5.727
1719,25.1505,23.108,5.73
1720,25.005,23.108,5.733
1721,25.6085,23.099,5.737
1722,25.9405,23.087,5.74
1723,27.9695,23.061,5.743
1724,28.408,23.047,5.747
1725,27.8375,23.055,5.75
1726,27.3095,23.059,5.753
1727,26.5195,23.054,5.757
1728,25.3155,23.083,5.76
1729,23.831,23.11,5.763
1730,24.9725,23.097,5.767
1731,27.4205,23.062,5.77
1732,25.546,23.07,5.773
1733,26.06,23.066,5.777
1734,25.933,23.061,5.78
1735,26.5765,23.046,5.783
1736,26.733,23.046,5.787
1737,28.5645,23.012,5.79
1738,30.6225,22.982,5.793
1739,28.4835,23.002,5.797
1740,27.644,23.031,5.8
1741,26.38,23.038,5.803
1742,24.3235,23.091,5.807
1743,24.6025,23.072,5.81
1744,24.2265,23.075,5.813
1745,22.0635,23.136,5.817
1746,24.9695,23.067,5.82
1747,26.8825,23.034,5.823
1748,26.323,23.041,5.827
1749,26.279,23.057,5.83
1750,26.4755,23.03,5.833
1751,28.6045,22.994,5.837
1752,27.6025,23.014,5.84
1753,25.3155,23.047,5.843
1754,25.6115,23.036,5.847
1755,24.783,23.07,5.85
1756,23.921,23.093,5.853
1757,24.3535,23.065,5.857
1758,26.303,23.027,5.86
1759,24.443,23.062,5.863
1760,26.289,23.034,5.867
1761,27.0475,23.012,5.87
1762,26.2675,23.025,5.873
1763,26.0995,23.033,5.877
1764,25.2455,23.054,5.88
1765,26.471,23.019,5.883
1766,27.19,23.006,5.887
1767,25.9045,23.022,5.89
1768,23.969,23.063,5.893
1769,20.4625,23.127,5.897
1770,18.0785,23.162,5.9
1771,19.3195,23.172,5.903
1772,27.305,23.011,5.907
1773,26.5025,23.03,5.91
1774,26.4,23.017,5.913
1775,28.4605,22.979,5.917
1776,26.81,23.005,5.92
1777,24.574,23.052,5.923
1778,24.375,23.045,5.927
1779,24.0105,23.066,5.93
1780,25.5975,23.031,5.933
1781,24.4985,23.055,5.937
1782,23.938,23.07,5.94
1783,23.875,23.05,5.943
1784,22.176,23.082,5.947
1785,20.5735,23.117,5.95
1786,20.1335,23.138,5.953
1787,20.7995,23.118,5.957
1788,22.193,23.101,5.96
1789,25.5205,23.022,5.963
1790,26.397,23.011,5.967
1791,25.179,23.038,5.97
1792,24.486,23.05,5.973
1793,23.3285,23.061,5.977
1794,20.3485,23.108,5.98
1795,18.686,23.149,5.983
1796,18.3815,23.162,5.987
1797,19.4645,23.147,5.99
1798,20.945,23.125,5.993
1799,22.6925,23.082,5.997
1800,22.428,23.081,6
1801,20.7145,23.114,6.003
1802,23.643,23.062,6.007
1803,22.196,23.091,6.01
1804,19.974,23.14,6.013
1805,17.811,23.178,6.017
1806,16.352,23.197,6.02
1807,19.5475,23.152,6.023
1808,20.7255,23.118,6.027
1809,23.131,23.072,6.03
1810,23.2065,23.069,6.033
1811,25.1035,23.035,6.037
1812,23.4225,23.059,6.04
1813,18.278,23.158,6.043
1814,14.5875,23.225,6.047
1815,14.189,23.233,6.05
1816,19.5145,23.146,6.053
1817,19.6485,23.133,6.057
1818,18.158,23.158,6.06
1819,14.1165,23.228,6.063
1820,15.258,23.21,6.067
1821,17.4465,23.175,6.07
1822,17.391,23.194,6.073
1823,15.676,23.211,6.077
1824,18.12,23.174,6.08
1825,12.188,23.258,6.083
1826,13.3335,23.25,6.087
1827,17.606,23.194,6.09
1828,18.732,23.161,6.093
1829,16.879,23.194,6.097
1830,14.1165,23.257,6.1
1831,14.428,23.235,6.103
1832,16.661,23.21,6.107
1833,20.2615,23.15,6.11
1834,18.0815,23.175,6.113
1835,19.4165,23.156,6.117
1836,20.7825,23.141,6.12
1837,19.418,23.152,6.123
1838,19.701,23.157,6.127
1839,21.951,23.116,6.13
1840,24.567,23.06,6.133
1841,24.1615,23.065,6.137
1842,23.979,23.065,6.14
1843,22.4165,23.116,6.143
1844,21.0415,23.125,6.147
1845,20.6885,23.129,6.15
1846,20.474,23.122,6.153
1847,20.6845,23.133,6.157
1848,21.5395,23.12,6.16
1849,20.6785,23.126,6.163
1850,20.058,23.135,6.167
1851,19.183,23.149,6.17
1852,21.5965,23.107,6.173
1853,23.215,23.075,6.177
1854,23.713,23.082,6.18
1855,22.9145,23.1,6.183
1856,20.7155,23.111,6.187
1857,20.465,23.114,6.19
1858,21.1655,23.115,6.193
1859,21.1425,23.102,6.197
1860,21.6835,23.089,6.2
1861,22.5575,23.094,6.203
1862,22.6415,23.099,6.207
1863,22.859,23.092,6.21
1864,21.9695,23.098,6.213
1865,21.4785,23.113,6.217
1866,21.621,23.103,6.22
1867,20.8895,23.106,6.223
1868,21.423,23.09,6.227
1869,21.6495,23.099,6.23
1870,21.89,23.082,6.233
1871,21.319,23.099,6.237
1872,20.592,23.121,6.24
1873,20.797,23.12,6.243
1874,22.3465,23.082,6.247
1875,22.3225,23.074,6.25
1876,22.095,23.074,6.253
1877,22.5045,23.063,6.257
1878,22.4205,23.062,6.26
1879,22.6885,23.101,6.263
1880,21.7435,23.082,6.267
1881,21.6165,23.102,6.27
1882,21.4785,23.086,6.273
1883,21.073,23.091,6.277
1884,21.968,23.072,6.28
1885,22.0535,23.068,6.283
1886,22.1145,23.061,6.287
1887,22.0875,23.092,6.29
1888,22.129,23.081,6.293
1889,22.465,23.06,6.297
1890,22.193,23.066,6.3
1891,23.0555,23.053,6.303
1892,23.0685,23.044,6.307
1893,22.529,23.052,6.31
1894,22.132,23.059,6.313
1895,22.4675,23.072,6.317
1896,22.543,23.069,6.32
1897,22.509,23.046,6.323
1898,22.862,23.043,6.327
1899,22.792,23.047,6.33
1900,22.5945,23.067,6.333
1901,23.0485,23.03,6.337
1902,22.432,23.046,6.34
1903,22.677,23.048,6.343
1904,22.529,23.063,6.347
1905,22.701,23.051,6.35
1906,22.2215,23.045,6.353
1907,22.1515,23.047,6.357
1908,22.2655,23.053,6.36
1909,22.4635,23.044,6.363
1910,22.153,23.056,6.367
1911,22.543,23.033,6.37
1912,22.428,23.051,6.373
1913,23.72,23.03,6.377
1914,23.373,23.022,6.38
1915,22.9385,23.055,6.383
1916,22.8475,23.024,6.387
1917,21.8555,23.042,6.39
1918,23.4355,23.018,6.393
1919,23.0825,23.029,6.397
1920,23.04,23.025,6.4
1921,22.5885,23.04,6.403
1922,22.321,23.028,6.407
1923,23.323,23.028,6.41
1924,23.35,23.017,6.413
1925,24.1485,22.997,6.417
1926,24.0675,23.002,6.42
1927,23.2745,23.003,6.423
1928,23.1265,23.017,6.427
1929,22.966,23.019,6.43
1930,22.3895,23.031,6.433
1931,22.7695,23.021,6.437
1932,22.8475,23.027,6.44
1933,22.28,23.033,6.443
1934,21.7205,23.034,6.447
1935,22.2715,23.028,6.45
1936,22.644,23.033,6.453
1937,22.929,23.025,6.457
1938,22.23,23.044,6.46
1939,22.3525,23.025,6.463
1940,22.6825,23.022,6.467
1941,22.6315,23.02,6.47
1942,23.0285,23.006,6.473
1943,23.3815,22.994,6.477
1944,22.6825,23.018,6.48
1945,23.0525,23.002,6.483
1946,23.1295,23.003,6.487
1947,23.656,22.993,6.49
1948,25.502,22.964,6.493
1949,24.9895,22.962,6.497
1950,25.0195,22.958,6.5
1951,25.691,22.939,6.503
1952,24.0615,22.97,6.507
1953,24.836,22.978,6.51
1954,25.1475,22.953,6.513
1955,25.109,22.95,6.517
1956,26.871,22.938,6.52
1957,26.7045,22.94,6.523
1958,27.96,22.903,6.527
1959,27.5385,22.914,6.53
1960,27.3025,22.91,6.533
1961,27.254,22.917,6.537
1962,26.9095,22.91,6.54
1963,26.3945,22.926,6.543
1964,27.1925,22.908,6.547
1965,28.3995,22.883,6.55
1966,28.122,22.889,6.553
1967,27.7305,22.893,6.557
1968,29.898,22.858,6.56
1969,29.861,22.854,6.563
1970,28.2445,22.885,6.567
1971,25.5875,22.915,6.57
1972,26.3575,22.901,6.573
1973,24.9115,22.934,6.577
1974,22.3325,22.98,6.58
1975,22.8575,22.965,6.583
1976,23.505,22.965,6.587
1977,23.1055,22.964,6.59
1978,25.216,22.92,6.593
1979,22.012,22.989,6.597
1980,28.3525,22.873,6.6
1981,23.891,22.938,6.603
1982,27.4375,22.885,6.607
1983,21.5055,22.987,6.61
1984,20.111,23.019,6.613
1985,20.3455,23.007,6.617
1986,23.6245,22.947,6.62
1987,24.702,22.945,6.623
1988,22.5275,22.983,6.627
1989,20.6845,22.994,6.63
1990,19.6285,23.028,6.633
1991,22.304,22.976,6.637
1992,22.321,22.97,6.64
1993,24.5795,22.946,6.643
1994,24.9355,22.919,6.647
1995,24.409,22.961,6.65
1996,25.0765,22.92,6.653
1997,20.8835,22.994,6.657
1998,20.219,23.01,6.66
1999,19.2425,23.027,6.663
2000,18.4485,23.04,6.667
2001,20.5775,23.002,6.67
2002,21.749,22.973,6.673
2003,23.871,22.945,6.677
2004,25.8465,22.932,6.68
2005,24.638,22.937,6.683
2006,23.5705,22.947,6.687
2007,22.401,22.965,6.69
2008,20.733,22.988,6.693
2009,18.1855,23.031,6.697
2010,14.1235,23.114,6.7
2011,19.4775,23.03,6.703
2012,19.604,23.033,6.707
2013,19.516,23.018,6.71
2014,20.5565,23.013,6.713
2015,22.896,22.967,6.717
2016,24.806,22.936,6.72
2017,23.35,22.953,6.723
2018,23.155,22.949,6.727
2019,22.909,22.955,6.73
2020,21.3175,22.999,6.733
2021,23.2915,22.944,6.737
2022,26.6605,22.895,6.74
2023,31.4835,22.807,6.743
2024,33.556,22.777,6.747
2025,34.3625,22.761,6.75
2026,33.399,22.769,6.753
2027,28.7755,22.841,6.757
2028,21.167,22.961,6.76
2029,18.709,23.012,6.763
2030,20.411,22.987,6.767
2031,22.963,22.935,6.77
2032,23.2065,22.927,6.773
2033,23.158,22.937,6.777
2034,21.6095,22.957,6.78
2035,21.85,22.956,6.783
2036,22.933,22.939,6.787
2037,23.471,22.928,6.79
2038,23.8295,22.919,6.793
2039,23.797,22.919,6.797
2040,24.54,22.909,6.8
2041,24.897,22.899,6.803
2042,23.8425,22.916,6.807
2043,24.0105,22.925,6.81
2044,24.947,22.89,6.813
2045,27.409,22.869,6.817
2046,27.311,22.857,6.82
2047,25.9885,22.87,6.823
2048,24.867,22.892,6.827
2049,22.67,22.926,6.83
2050,21.379,22.941,6.833
2051,19.23,22.99,6.837
2052,21.9495,22.958,6.84
2053,23.299,22.935,6.843
2054,24.328,22.905,6.847
2055,26.2635,22.867,6.85
2056,25.6555,22.878,6.853
2057,24.2725,22.902,6.857
2058,23.7115,22.913,6.86
2059,19.7695,22.969,6.863
2060,16.197,23.043,6.867
2061,12.4955,23.112,6.87
2062,14.7995,23.073,6.873
2063,19.6755,22.995,6.877
2064,23.6105,22.916,6.88
2065,23.5395,22.917,6.883
2066,26.047,22.873,6.887
2067,29.0245,22.836,6.89
2068,27.799,22.838,6.893
2069,27.833,22.844,6.897
2070,26.413,22.867,6.9
2071,24.416,22.902,6.903
2072,23.676,22.906,6.907
2073,24.137,22.895,6.91
2074,24.245,22.89,6.913
2075,23.337,22.904,6.917
2076,21.5995,22.937,6.92
2077,22.5915,22.923,6.923
2078,23.7385,22.914,6.927
2079,24.419,22.884,6.93
2080,24.8215,22.879,6.933
2081,24.759,22.89,6.937
2082,24.513,22.881,6.94
2083,23.8525,22.901,6.943
2084,23.3615,22.897,6.947
2085,24.09,22.887,6.95
2086,23.811,22.898,6.953
2087,25.4805,22.867,6.957
2088,25.4025,22.859,6.96
2089,24.207,22.878,6.963
2090,23.8195,22.902,6.967
2091,24.1,22.895,6.97
2092,24.6395,22.87,6.973
2093,24.3845,22.877,6.977
2094,23.693,22.899,6.98
2095,23.895,22.888,6.983
2096,23.8935,22.884,6.987
2097,23.921,22.889,6.99
2098,24.211,22.879,6.993
2099,23.848,22.875,6.997
2100,24.076,22.878,7
2101,23.9395,22.883,7.003
2102,24.473,22.872,7.007
2103,25.008,22.868,7.01
2104,24.4985,22.87,7.013
2105,23.222,22.889,7.017
2106,23.172,22.886,7.02
2107,24.0845,22.879,7.023
2108,24.887,22.861,7.027
2109,24.372,22.873,7.03
2110,26.316,22.833,7.033
2111,26.726,22.837,7.037
2112,26.582,22.836,7.04
2113,25.909,22.838,7.043
2114,24.624,22.857,7.047
2115,24.137,22.863,7.05
2116,24.184,22.859,7.053
2117,23.3715,22.876,7.057
2118,23.199,22.872,7.06
2119,23.074,22.89,7.063
2120,23.1595,22.898,7.067
2121,23.602,22.885,7.07
2122,24.2365,22.863,7.073
2123,25.1235,22.851,7.077
2124,24.8375,22.852,7.08
2125,24.211,22.858,7.083
2126,24.217,22.858,7.087
2127,23.5265,22.869,7.09
2128,23.269,22.891,7.093
2129,24.433,22.865,7.097
2130,24.2495,22.855,7.1
2131,24.164,22.856,7.103
2132,24.739,22.855,7.107
2133,24.322,22.851,7.11
2134,23.451,22.871,7.113
2135,23.108,22.873,7.117
2136,22.5785,22.879,7.12
2137,23.928,22.872,7.123
2138,26.101,22.83,7.127
2139,25.885,22.828,7.13
2140,26.6165,22.812,7.133
2141,26.861,22.809,7.137
2142,26.561,22.811,7.14
2143,25.0025,22.836,7.143
2144,24.3105,22.856,7.147
2145,24.524,22.856,7.15
2146,24.157,22.85,7.153
2147,24.3735,22.849,7.157
2148,24.0745,22.86,7.16
2149,24.6765,22.833,7.163
2150,24.877,22.836,7.167
2151,25.089,22.837,7.17
2152,25.3525,22.832,7.173
2153,25.421,22.829,7.177
2154,24.6055,22.839,7.18
2155,23.6175,22.845,7.183
2156,12.229,23.049,7.187
2157,8.7365,23.105,7.19
2158,7.6235,23.144,7.193
2159,6.424,23.153,7.197
2160,4.4755,23.193,7.2
2161,3.697,23.228,7.203
2162,3.7585,23.238,7.207
2163,3.8325,23.21,7.21
2164,3.8025,23.221,7.213
2165,3.7925,23.23,7.217
2166,-0.27,23.308,7.22
2167,-0.283,23.307,7.223
2168,-0.2915,23.319,7.227
2169,-0.357,23.315,7.23
2170,-0.454,23.329,7.233
2171,-0.512,23.344,7.237
2172,-0.38,23.333,7.24
2173,-0.39,23.328,7.243
2174,-0.404,23.339,7.247
2175,-0.434,23.34,7.25
2176,-0.4525,23.342,7.253
2177,-0.4625,23.362,7.257
2178,-0.3785,23.354,7.26
2179,-0.4465,23.365,7.263
2180,-0.427,23.351,7.267
2181,-0.565,23.369,7.27
2182,-0.428,23.365,7.273
2183,-0.428,23.369,7.277
2184,-0.4025,23.381,7.28
2185,-0.421,23.381,7.283
2186,-0.431,23.39,7.287
2187,-0.448,23.398,7.29
2188,-0.411,23.381,7.293