timesteps, current B1, voltage
0,26.219,24.586
1,24.9855,24.589
2,24.85,24.594
3,24.4105,24.586
4,24.335,24.581
5,24.7905,24.564
6,25.2555,24.55
7,25.243,24.548
8,25.4875,24.547
9,25.0495,24.541
10,24.14,24.549
11,23.5025,24.558
12,23.222,24.558
13,23.935,24.535
14,24.4345,24.533
15,24.816,24.513
16,25.4505,24.505
17,25.6455,24.497
18,26.4455,24.475
19,26.4225,24.462
20,24.7535,24.5
21,24.1855,24.504
22,23.865,24.496
23,23.626,24.52
24,23.595,24.502
25,23.4115,24.507
26,22.9175,24.508
27,22.738,24.505
28,22.738,24.498
29,22.775,24.497
30,23.676,24.482
31,24.486,24.466
32,25.6455,24.433
33,24.93,24.457
34,24.376,24.445
35,24.0245,24.453
36,24.191,24.444
37,24.386,24.437
38,24.288,24.436
39,23.7585,24.446
40,24.3105,24.429
41,24.9055,24.427
42,25.2045,24.41
43,25.607,24.395
44,25.455,24.398
45,25.384,24.392
46,25.354,24.392
47,25.3725,24.383
48,24.7165,24.397
49,25.1545,24.39
50,25.243,24.382
51,25.3185,24.37
52,25.358,24.375
53,23.8255,24.39
54,23.9535,24.392
55,25.6085,24.355
56,24.9425,24.359
57,25.8365,24.353
58,26.525,24.338
59,25.775,24.338
60,24.796,24.351
61,25.617,24.359
62,25.9675,24.334
63,25.314,24.339
64,23.737,24.357
65,22.429,24.389
66,21.83,24.405
67,22.809,24.381
68,24.2255,24.352
69,23.024,24.377
70,21.628,24.399
71,19.856,24.425
72,20.4555,24.419
73,20.7685,24.4
74,19.418,24.439
75,18.78,24.446
76,18.51,24.443
77,19.2785,24.449
78,20.293,24.417
79,21.534,24.384
80,23.2805,24.35
81,24.6225,24.328
82,28.3015,24.249
83,25.1035,24.312
84,25.465,24.303
85,25.0195,24.304
86,23.172,24.339
87,21.7105,24.365
88,21.8215,24.369
89,22.2485,24.348
90,22.4365,24.343
91,22.5315,24.345
92,23.38,24.328
93,23.838,24.31
94,24.09,24.311
95,25.163,24.289
96,25.882,24.259
97,26.067,24.26
98,25.95,24.256
99,25.6995,24.261
100,25.408,24.27
101,24.4715,24.274
102,24.4715,24.292
103,24.365,24.275
104,24.0175,24.284
105,24.3505,24.276
106,24.096,24.276
107,23.541,24.285
108,23.9435,24.284
109,24.887,24.256
110,26.76,24.213
111,26.669,24.207
112,25.842,24.231
113,24.3005,24.255
114,23.504,24.266
115,22.872,24.283
116,22.93,24.285
117,23.505,24.28
118,23.357,24.284
119,24.8415,24.237
120,25.2075,24.239
121,26.753,24.198
122,27.221,24.177
123,26.178,24.203
124,25.9035,24.207
125,25.691,24.218
126,25.848,24.207
127,24.85,24.217
128,24.245,24.235
129,23.915,24.233
130,24.106,24.229
131,23.959,24.229
132,25.014,24.203
133,25.4905,24.218
134,26.5905,24.184
135,26.6035,24.182
136,26.484,24.182
137,26.145,24.176
138,25.657,24.186
139,24.171,24.21
140,24.83,24.193
141,25.8905,24.186
142,26.138,24.181
143,25.7765,24.173
144,25.919,24.191
145,25.7325,24.189
146,24.3205,24.189
147,24.4545,24.194
148,24.429,24.195
149,24.0045,24.193
150,22.8635,24.22
151,22.186,24.234
152,22.156,24.234
153,23.602,24.208
154,25.004,24.184
155,23.3645,24.204
156,22.1275,24.232
157,22.4875,24.229
158,26.74,24.153
159,29.185,24.092
160,29.978,24.078
161,29.05,24.094
162,29.79,24.078
163,30.123,24.079
164,29.941,24.071
165,28.959,24.085
166,28.525,24.085
167,24.8615,24.147
168,22.9375,24.187
169,23.7245,24.173
170,25.378,24.14
171,25.237,24.146
172,25.0865,24.143
173,25.8775,24.142
174,26.4485,24.124
175,27.5315,24.096
176,26.4225,24.12
177,26.683,24.108
178,26.6675,24.11
179,26.393,24.11
180,26.706,24.098
181,26.864,24.11
182,26.908,24.099
183,26.7915,24.108
184,26.5565,24.104
185,26.42,24.116
186,27.3665,24.096
187,27.2055,24.088
188,27.059,24.084
189,26.249,24.102
190,28.4695,24.056
191,27.5455,24.068
192,26.6535,24.09
193,26.757,24.079
194,26.925,24.083
195,27.3265,24.062
196,27.248,24.064
197,26.7315,24.091
198,28.2015,24.06
199,28.5975,24.047
200,27.739,24.05
201,26.911,24.075
202,27.395,24.063
203,26.952,24.071
204,27.244,24.06
205,27.735,24.052
206,28.442,24.038
207,28.3695,24.042
208,28.431,24.039
209,27.85,24.048
210,29.2295,24.013
211,27.581,24.041
212,27.7165,24.045
213,26.8425,24.052
214,26.72,24.054
215,27.1915,24.047
216,28.414,24.028
217,28.0195,24.041
218,27.389,24.046
219,28.341,24.021
220,28.4125,24.023
221,27.4575,24.024
222,27.95,24.028
223,28.344,24.026
224,28.2415,24.021
225,28.0435,24.008
226,28.9875,23.996
227,28.3115,24.015
228,28.747,24.001
229,28.996,23.992
230,28.3115,24.002
231,28.6345,23.996
232,27.14,24.027
233,28.546,23.997
234,25.946,24.035
235,27.4785,24.02
236,26.5365,24.029
237,26.43,24.033
238,26.319,24.039
239,27.4575,24.016
240,27.53,24
241,27.359,24.012
242,27.981,23.987
243,28.566,23.996
244,28.6815,23.975
245,28.2215,23.985
246,27.241,23.996
247,28.334,23.984
248,26.2735,24.007
249,26.8385,24.012
250,27.2425,24.001
251,27.1285,24.017
252,25.3765,24.037
253,22.391,24.083
254,21.262,24.113
255,21.823,24.097
256,21.574,24.1
257,24.5,24.063
258,25.876,24.019
259,25.6315,24.04
260,25.832,24.033
261,25.8095,24.018
262,25.6245,24.028
263,24.5015,24.037
264,24.2365,24.042
265,23.9195,24.065
266,23.3545,24.059
267,23.0695,24.079
268,23.2645,24.064
269,25.7665,24.034
270,25.237,24.037
271,24.742,24.038
272,24.3105,24.045
273,24.009,24.051
274,24.8005,24.026
275,24.4445,24.047
276,23.9305,24.055
277,24.1115,24.054
278,23.542,24.065
279,24.934,24.026
280,25.771,24.018
281,25.116,24.015
282,24.877,24.023
283,24.6895,24.035
284,25.5445,24.021
285,26.8655,24.001
286,25.2555,24.017
287,24.281,24.031
288,24.5725,24.037
289,24.524,24.034
290,23.959,24.037
291,24.9225,24.02
292,24.947,24.018
293,24.5115,24.041
294,23.6335,24.045
295,23.417,24.04
296,23.7685,24.026
297,23.938,24.037
298,25.959,23.996
299,25.334,24.008
300,24.2395,24.021
301,24.9595,24.003
302,25.647,24.01
303,25.3755,24.006
304,25.8095,24.001
305,25.549,23.999
306,26.918,23.971
307,27.9755,23.953
308,25.4835,23.99
309,19.0635,24.124
310,16.584,24.143
311,16.543,24.171
312,15.78,24.172
313,16.8275,24.157
314,18.2235,24.128
315,15.1455,24.186
316,15.454,24.184
317,16.425,24.168
318,16.742,24.174
319,18.057,24.145
320,18.4915,24.137
321,17.354,24.149
322,17.966,24.147
323,16.066,24.179
324,15.934,24.19
325,16.439,24.179
326,15.1795,24.197
327,19.644,24.127
328,19.449,24.129
329,17.7255,24.156
330,16.499,24.184
331,19.789,24.119
332,19.8065,24.117
333,20.3655,24.113
334,18.9865,24.13
335,13.9755,24.217
336,13.318,24.232
337,17.593,24.164
338,16.9045,24.169
339,16.694,24.174
340,18.4385,24.151
341,19.102,24.143
342,19.287,24.126
343,15.5265,24.195
344,17.0995,24.17
345,18.696,24.164
346,22.933,24.065
347,23.528,24.049
348,19.5785,24.112
349,18.057,24.148
350,17.579,24.15
351,16.796,24.173
352,17.586,24.174
353,20.2075,24.112
354,22.6755,24.082
355,24.3875,24.039
356,25.4035,24.013
357,25.314,24.01
358,24.1155,24.022
359,22.637,24.065
360,24.0815,24.024
361,22.1075,24.083
362,23.0955,24.046
363,23.9265,24.034
364,24.551,24.026
365,23.9265,24.023
366,23.4455,24.034
367,23.2875,24.039
368,22.7365,24.068
369,21.6465,24.066
370,20.6375,24.089
371,19.2955,24.113
372,16.7875,24.147
373,17.142,24.143
374,18.8215,24.12
375,20.5505,24.082
376,19.5955,24.11
377,22.395,24.058
378,21.9125,24.082
379,21.5055,24.057
380,20.871,24.074
381,20.956,24.083
382,22.926,24.042
383,22.6655,24.041
384,25.57,23.993
385,29.211,23.937
386,30.4945,23.907
387,28.636,23.911
388,26.2675,23.967
389,24.4845,23.985
390,24.1045,24
391,24.83,23.996
392,25.0835,23.984
393,23.2005,24.015
394,22.7865,24.032
395,23.804,23.999
396,23.256,24.029
397,21.184,24.047
398,19.469,24.071
399,19.7905,24.075
400,26.854,23.937
401,26.168,23.948
402,23.854,24.002
403,22.586,24.011
404,23.235,24.009
405,23.579,23.998
406,21.705,24.024
407,22.3735,24.024
408,23.7015,23.986
409,23.9635,23.977
410,24.1015,23.993
411,23.4555,24.006
412,23.337,23.99
413,21.665,24.013
414,22.7425,24.007
415,22.068,24.016
416,21.837,24.018
417,21.406,24.027
418,22.465,24.01
419,22.0405,24.006
420,20.707,24.04
421,20.2815,24.043
422,21.2155,24.037
423,21.5455,24.027
424,20.727,24.036
425,19.331,24.068
426,19.1675,24.075
427,18.241,24.078
428,18.047,24.093
429,16.943,24.107
430,17.0765,24.102
431,17.747,24.089
432,16.9825,24.118
433,17.33,24.1
434,19.2455,24.078
435,19.657,24.07
436,17.9165,24.1
437,17.936,24.09
438,18.4445,24.084
439,18.009,24.085
440,17.5805,24.107
441,19.042,24.061
442,19.657,24.06
443,20.4965,24.047
444,18.4315,24.08
445,19.076,24.086
446,21.6435,24.029
447,19.4105,24.061
448,17.804,24.087
449,15.518,24.129
450,19.668,24.059
451,19.946,24.055
452,19.8375,24.069
453,22.415,24.006
454,21.642,24.019
455,21.9725,24.011
456,18.9325,24.066
457,20.4085,24.035
458,20.683,24.042
459,20.771,24.026
460,20.4155,24.038
461,19.153,24.063
462,20.125,24.046
463,22.5315,24.004
464,21.877,24.023
465,21.6975,24.012
466,23.4285,23.971
467,23.9765,23.966
468,22.069,24.01
469,20.0665,24.039
470,18.1225,24.068
471,19.402,24.045
472,20.296,24.031
473,19.422,24.042
474,22.3825,23.997
475,26.6035,23.907
476,22.015,23.991
477,22.526,23.987
478,27.3875,23.896
479,27.0745,23.905
480,25.949,23.9
481,22.835,23.969
482,23.2505,23.957
483,24.8645,23.929
484,26.272,23.888
485,22.546,23.968
486,20.9405,23.996
487,20.6815,23.994
488,21.3805,23.978
489,21.8285,23.98
490,19.755,24.013
491,18.292,24.048
492,16.812,24.068
493,16.271,24.08
494,17.185,24.062
495,18.3005,24.044
496,19.859,24.023
497,20.502,23.999
498,19.126,24.038
499,18.6765,24.039
500,19.466,24.021
501,20.845,24.001
502,21.6665,23.979
503,21.823,24.007
504,21.88,23.971
505,21.8515,23.972
506,21.42,23.988
507,20.871,23.99
508,20.478,23.998
509,20.2575,24.005
510,20.4085,23.995
511,23.0085,23.953
512,22.378,23.961
513,20.7785,23.982
514,18.4785,24.039
515,17.5305,24.04
516,18.8985,24.029
517,20.992,23.992
518,19.8815,24.014
519,20.323,24.005
520,18.82,24.026
521,17.673,24.042
522,17.081,24.052
523,16.281,24.074
524,13.1655,24.12
525,14.774,24.098
526,17.979,24.04
527,18.1765,24.038
528,17.2675,24.054
529,13.8545,24.107
530,13.21,24.122
531,15.5795,24.084
532,20.871,23.99
533,17.925,24.041
534,15.376,24.084
535,12.4525,24.135
536,11.8875,24.153
537,13.591,24.131
538,16.472,24.077
539,16.846,24.073
540,15.114,24.105
541,15.111,24.11
542,17.8495,24.06
543,17.6345,24.068
544,16.459,24.092
545,14.9875,24.104
546,16.8945,24.071
547,18.2265,24.04
548,17.6815,24.055
549,17.407,24.065
550,16.6865,24.063
551,15.0075,24.101
552,17.5465,24.066
553,19.1075,24.032
554,20.1665,24.006
555,20.252,24
556,19.7765,24.012
557,19.725,24.013
558,20.3085,23.997
559,20.9775,23.984
560,21.0515,23.983
561,20.996,23.989
562,22.2615,23.971
563,22.97,23.946
564,21.494,23.964
565,19.254,24.009
566,18.4785,24.016
567,17.6415,24.031
568,18.686,24.021
569,20.1235,23.986
570,20.488,24.007
571,20.972,23.974
572,21.423,23.966
573,21.678,23.968
574,21.689,23.96
575,20.75,23.979
576,20.222,23.983
577,21.0075,23.986
578,22.0095,23.946
579,22.408,23.943
580,21.917,23.944
581,22.664,23.932
582,22.8275,23.93
583,23.195,23.908
584,23.027,23.92
585,23.209,23.911
586,25.116,23.896
587,24.4955,23.882
588,24.278,23.876
589,24.3405,23.873
590,25.284,23.861
591,23.6335,23.89
592,21.6805,23.924
593,23.1565,23.898
594,22.122,23.938
595,21.2565,23.935
596,21.3745,23.934
597,20.613,23.944
598,23.104,23.897
599,26.1625,23.834
600,26.2035,23.829
601,24.2765,23.864
602,25.0265,23.863
603,24.0715,23.874
604,22.3365,23.897
605,20.871,23.932
606,19.314,23.95
607,20.891,23.935
608,20.881,23.933
609,22.55,23.905
610,22.2215,23.9
611,22.9345,23.88
612,22.815,23.902
613,22.4945,23.885
614,23.054,23.878
615,21.974,23.897
616,22.852,23.879
617,22.294,23.891
618,19.082,23.955
619,20.1035,23.964
620,20.4255,23.947
621,19.0035,23.953
622,20.8495,23.926
623,21.3915,23.902
624,22.8375,23.873
625,22.667,23.893
626,24.009,23.843
627,24.9,23.832
628,26.2465,23.818
629,21.0945,23.898
630,19.3025,23.93
631,18.622,23.945
632,19.2795,23.946
633,19.469,23.956
634,21.494,23.898
635,24.4345,23.833
636,21.4445,23.889
637,20.078,23.929
638,18.9055,23.947
639,16.8875,23.97
640,13.974,24.033
641,19.119,23.944
642,21.8515,23.881
643,22.075,23.882
644,20.881,23.937
645,17.112,23.974
646,19.6155,23.961
647,21.036,23.908
648,21.581,23.89
649,23.148,23.857
650,22.253,23.878
651,20.9265,23.929
652,21.3005,23.883
653,18.881,23.96
654,19.893,23.948
655,19.4905,23.928
656,18.232,23.952
657,17.851,23.96
658,19.731,23.925
659,16.2225,23.982
660,16.6,23.982
661,16.8075,23.98
662,16.4175,24.006
663,20.952,23.905
664,19.069,23.933
665,16.7195,23.977
666,16.022,24.001
667,18.759,23.955
668,19.8845,23.921
669,20.5575,23.919
670,20.7785,23.906
671,21.076,23.89
672,18.0715,23.951
673,17.616,23.962
674,18.147,23.955
675,16.325,23.996
676,16.291,23.983
677,18.5125,23.962
678,18.5725,23.956
679,19.795,23.919
680,19.758,23.925
681,19.8165,23.919
682,17.929,23.957
683,18.541,23.952
684,19.866,23.913
685,17.9405,23.951
686,18.1225,23.953
687,21.1015,23.91
688,21.9055,23.875
689,22.768,23.853
690,22.4435,23.853
691,20.619,23.9
692,19.9485,23.903
693,18.9835,23.924
694,19.6955,23.921
695,19.509,23.932
696,19.2425,23.944
697,19.17,23.927
698,18.4415,23.94
699,20.206,23.899
700,20.801,23.887
701,21.009,23.878
702,22.6625,23.87
703,21.366,23.882
704,20.182,23.895
705,18.453,23.933
706,19.499,23.909
707,18.9055,23.918
708,20.851,23.879
709,19.442,23.909
710,19.8645,23.905
711,20.36,23.896
712,20.2345,23.9
713,20.01,23.9
714,22.818,23.841
715,23.787,23.823
716,22.4405,23.836
717,21.3205,23.859
718,20.108,23.874
719,19.788,23.891
720,19.59,23.883
721,19.446,23.896
722,19.287,23.916
723,19.99,23.885
724,20.9835,23.865
725,21.2325,23.864
726,21.0345,23.861
727,21.7375,23.861
728,21.779,23.844
729,22.5245,23.852
730,22.4935,23.832
731,22.351,23.827
732,22.439,23.829
733,22.1235,23.836
734,23.195,23.83
735,24.1215,23.793
736,24.11,23.806
737,24.369,23.798
738,23.72,23.794
739,22.3895,23.818
740,17.8025,23.897
741,15.8585,23.945
742,15.554,23.953
743,16.116,23.949
744,19.7635,23.894
745,19.439,23.88
746,18.0855,23.902
747,19.079,23.879
748,20.461,23.856
749,19.977,23.87
750,20.391,23.86
751,20.044,23.856
752,19.193,23.904
753,18.3505,23.911
754,17.3555,23.927
755,18.4445,23.899
756,20.6045,23.856
757,20.639,23.853
758,19.55,23.874
759,18.807,23.884
760,19.146,23.874
761,20.5095,23.86
762,21.567,23.844
763,18.6235,23.889
764,20.999,23.853
765,20.8365,23.85
766,20.717,23.847
767,19.53,23.869
768,17.5335,23.915
769,18.464,23.897
770,19.96,23.864
771,21.0945,23.834
772,22.67,23.809
773,22.207,23.822
774,20.364,23.845
775,20.276,23.847
776,20,23.847
777,20.195,23.85
778,20.8365,23.839
779,20.3755,23.847
780,20.898,23.825
781,21.1685,23.832
782,21.3265,23.822
783,20.808,23.831
784,19.842,23.86
785,19.671,23.863
786,21.7945,23.823
787,21.2865,23.819
788,20.3825,23.841
789,19.7595,23.847
790,20.666,23.827
791,23.743,23.78
792,23.922,23.766
793,22.909,23.79
794,23.42,23.786
795,23.653,23.771
796,23.901,23.764
797,23.2705,23.768
798,22.2855,23.782
799,24.5325,23.753
800,25.4435,23.735
801,25.522,23.729
802,25.361,23.728
803,25.398,23.744
804,25.24,23.738
805,25.7795,23.714
806,23.9195,23.74
807,25.4865,23.715
808,24.2565,23.736
809,22.7255,23.761
810,22.065,23.773
811,22.156,23.777
812,23.0895,23.763
813,22.529,23.764
814,21.911,23.793
815,19.2555,23.821
816,21.009,23.794
817,24.386,23.737
818,26.3345,23.711
819,26.292,23.703
820,24.756,23.714
821,21.446,23.776
822,19.402,23.807
823,18.84,23.814
824,23.444,23.736
825,24.463,23.721
826,26.3885,23.69
827,25.845,23.711
828,24.513,23.722
829,21.9795,23.771
830,20.343,23.784
831,20.377,23.781
832,18.1455,23.823
833,15.4015,23.88
834,17.835,23.83
835,20.263,23.788
836,23.05,23.764
837,22.846,23.75
838,20.774,23.781
839,20.0555,23.791
840,19.718,23.798
841,19.7965,23.793
842,20.683,23.778
843,21.376,23.769
844,23.3545,23.75
845,23.861,23.733
846,23.498,23.725
847,22.0435,23.742
848,21.1785,23.761
849,21.0145,23.766
850,20.2135,23.78
851,18.41,23.805
852,18.8925,23.808
853,24.0815,23.729
854,20.36,23.781
855,19.3255,23.794
856,18.097,23.816
857,15.1495,23.872
858,19.177,23.798
859,23.801,23.722
860,25.489,23.696
861,21.5085,23.75
862,19.3055,23.805
863,19.728,23.792
864,20.3725,23.781
865,21.5325,23.755
866,27.0475,23.663
867,28.2445,23.638
868,29.6775,23.631
869,30.577,23.608
870,28.3055,23.626
871,26.773,23.647
872,24.3465,23.678
873,25.2285,23.675
874,23.555,23.691
875,24.635,23.672
876,23.4825,23.696
877,26.1695,23.654
878,25.1505,23.67
879,25.6455,23.67
880,25.61,23.658
881,26.313,23.642
882,27.402,23.619
883,27.8215,23.605
884,25.811,23.647
885,25.0195,23.658
886,24.634,23.66
887,21.187,23.716
888,20.0895,23.728
889,20.2985,23.73
890,20.8225,23.719
891,20.5505,23.729
892,20.918,23.718
893,20.912,23.722
894,21.033,23.713
895,23.3985,23.676
896,22.6515,23.698
897,23.6035,23.682
898,23.821,23.67
899,24.0945,23.665
900,24.0415,23.67
901,24.0875,23.673
902,23.558,23.683
903,23.6245,23.674
904,24.1825,23.665
905,24.194,23.657
906,23.9305,23.659
907,24.2765,23.654
908,24.07,23.66
909,24.537,23.651
910,24.682,23.635
911,24.89,23.651
912,25.0125,23.652
913,25.0325,23.627
914,24.366,23.644
915,24.399,23.642
916,24.803,23.639
917,24.584,23.632
918,24.339,23.647
919,24.069,23.66
920,24.18,23.644
921,24.4045,23.642
922,24.355,23.641
923,24.1585,23.635
924,24.224,23.63
925,24.1215,23.66
926,23.952,23.632
927,24.07,23.642
928,24.029,23.631
929,24.54,23.626
930,23.4485,23.64
931,24.3975,23.624
932,24.5015,23.616
933,24.08,23.633
934,24.1385,23.637
935,23.8965,23.637
936,24.366,23.627
937,25.25,23.604
938,25.1675,23.606
939,24.6395,23.614
940,24.806,23.61
941,24.275,23.606
942,23.474,23.625
943,24.4215,23.628
944,24.023,23.61
945,23.935,23.628
946,23.505,23.628
947,23.4525,23.621
948,24.059,23.609
949,24.0775,23.608
950,24.4715,23.606
951,24.5085,23.611
952,24.7745,23.597
953,24.5695,23.603
954,24.631,23.599
955,24.8515,23.59
956,24.769,23.595
957,24.93,23.593
958,24.866,23.595
959,25.048,23.579
960,24.92,23.594
961,24.766,23.591
962,24.073,23.598
963,24.9155,23.585
964,25.3825,23.577
965,25.6855,23.562
966,25.129,23.57
967,24.9155,23.577
968,24.631,23.591
969,24.661,23.584
970,25.041,23.57
971,25.287,23.57
972,24.6565,23.579
973,24.695,23.572
974,24.6195,23.566
975,24.8215,23.563
976,24.682,23.579
977,24.4885,23.586
978,25.0125,23.563
979,24.3265,23.573
980,24.9225,23.562
981,25.0435,23.553
982,25.1035,23.553
983,24.857,23.557
984,25.014,23.569
985,24.591,23.565
986,24.867,23.553
987,25.0595,23.553
988,24.5385,23.551
989,24.312,23.558
990,24.477,23.565
991,24.5315,23.56
992,24.709,23.547
993,24.9215,23.552
994,24.799,23.56
995,24.7475,23.548
996,24.705,23.55
997,25.273,23.541
998,26.7985,23.517
999,25.718,23.532
1000,25.8335,23.52
1001,25.596,23.525
1002,25.472,23.537
1003,25.1545,23.521
1004,25.2,23.518
1005,24.8075,23.531
1006,23.969,23.544
1007,20.4595,23.609
1008,15.8655,23.678
1009,17.112,23.669
1010,20.3925,23.639
1011,24.026,23.571
1012,23.0455,23.574
1013,21.732,23.583
1014,18.9595,23.632
1015,17.8365,23.653
1016,19.3165,23.63
1017,21.0955,23.614
1018,21.8315,23.595
1019,21.702,23.604
1020,21.382,23.599
1021,20.629,23.605
1022,20.734,23.614
1023,21.225,23.606
1024,20.6745,23.615
1025,20.0225,23.611
1026,19.768,23.624
1027,20.138,23.633
1028,19.607,23.631
1029,19.486,23.631
1030,18.507,23.645
1031,22.079,23.59
1032,22.2355,23.58
1033,20.9035,23.606
1034,20.168,23.627
1035,19.97,23.628
1036,19.177,23.635
1037,19.0305,23.635
1038,18.672,23.636
1039,20.878,23.595
1040,20.0225,23.616
1041,20.1365,23.62
1042,20.5735,23.612
1043,21.2935,23.611
1044,20.289,23.62
1045,21.268,23.589
1046,20.8635,23.609
1047,21.1055,23.595
1048,21.995,23.581
1049,20.451,23.603
1050,19.0465,23.63
1051,19.97,23.623
1052,20.683,23.609
1053,19.573,23.614
1054,18.682,23.626
1055,20.4025,23.605
1056,17.996,23.638
1057,19.483,23.628
1058,20.629,23.606
1059,21.1725,23.599
1060,21.581,23.58
1061,22.321,23.576
1062,20.397,23.598
1063,18.981,23.616
1064,18.7345,23.637
1065,18.4955,23.63
1066,19.0095,23.633
1067,17.5405,23.647
1068,15.3105,23.682
1069,15.622,23.691
1070,16.775,23.668
1071,18.9425,23.623
1072,18.867,23.629
1073,19.0905,23.627
1074,17.7555,23.643
1075,17.7525,23.644
1076,18.339,23.651
1077,21.15,23.583
1078,20.391,23.609
1079,20.071,23.604
1080,20.6745,23.592
1081,19.499,23.611
1082,18.9865,23.624
1083,18.5825,23.625
1084,20.3455,23.609
1085,22.203,23.576
1086,20.939,23.586
1087,20.353,23.601
1088,21.541,23.575
1089,22.19,23.562
1090,20.31,23.587
1091,18.477,23.614
1092,17.6345,23.635
1093,17.0085,23.638
1094,18.228,23.635
1095,16.873,23.642
1096,16.8035,23.651
1097,15.777,23.658
1098,14.949,23.671
1099,18.608,23.628
1100,17.061,23.658
1101,15.968,23.665
1102,14.071,23.695
1103,14.8875,23.684
1104,17.2575,23.653
1105,17.4695,23.634
1106,16.0475,23.664
1107,17.905,23.638
1108,20.4595,23.594
1109,18.9355,23.621
1110,19.7055,23.611
1111,19.264,23.612
1112,18.7035,23.627
1113,20.4295,23.59
1114,19.5755,23.597
1115,20.293,23.579
1116,20.794,23.571
1117,20.834,23.583
1118,20.034,23.595
1119,20.9845,23.567
1120,21.1725,23.565
1121,21.2735,23.559
1122,21.0845,23.559
1123,20.5465,23.578
1124,20.898,23.564
1125,21.2635,23.567
1126,22.0705,23.559
1127,22.3895,23.536
1128,22.6955,23.528
1129,23.5135,23.51
1130,19.872,23.574
1131,18.1725,23.597
1132,19.0195,23.584
1133,22.139,23.531
1134,22.829,23.519
1135,22.069,23.532
1136,22.9145,23.521
1137,22.4065,23.52
1138,23.8355,23.489
1139,26.134,23.452
1140,26.282,23.44
1141,25.5845,23.465
1142,26.4355,23.436
1143,27.571,23.426
1144,26.599,23.424
1145,26.457,23.434
1146,25.882,23.43
1147,23.2235,23.479
1148,22.8065,23.492
1149,21.3575,23.502
1150,21.504,23.502
1151,23.2175,23.498
1152,22.6555,23.49
1153,22.116,23.494
1154,22.2015,23.498
1155,23.619,23.459
1156,24.8715,23.44
1157,24.305,23.442
1158,23.579,23.45
1159,22.6085,23.486
1160,21.2495,23.506
1161,21.605,23.494
1162,21.2565,23.503
1163,21.9185,23.478
1164,24.063,23.455
1165,23.363,23.452
1166,21.857,23.486
1167,21.1285,23.509
1168,22.163,23.488
1169,22.9985,23.457
1170,23.3185,23.459
1171,23.249,23.447
1172,22.809,23.453
1173,22.4165,23.47
1174,22.5685,23.465
1175,22.435,23.467
1176,22.4035,23.473
1177,21.934,23.467
1178,22.3965,23.458
1179,21.7205,23.472
1180,21.302,23.476
1181,22.277,23.455
1182,22.6855,23.453
1183,22.886,23.46
1184,22.5815,23.451
1185,22.5615,23.45
1186,22.664,23.451
1187,23.2445,23.434
1188,23.4225,23.428
1189,22.6555,23.446
1190,22.768,23.438
1191,21.655,23.45
1192,22.001,23.462
1193,22.274,23.444
1194,22.687,23.432
1195,22.95,23.428
1196,21.9925,23.442
1197,22.354,23.447
1198,23.414,23.419
1199,23.5435,23.419
1200,22.933,23.451
1201,23.0315,23.437
1202,22.7935,23.428
1203,23.087,23.422
1204,22.6055,23.425
1205,22.105,23.443
1206,21.7945,23.437
1207,22.1175,23.458
1208,22.839,23.432
1209,23.1335,23.424
1210,23.182,23.412
1211,22.7155,23.433
1212,22.5045,23.434
1213,23.0385,23.402
1214,23.36,23.408
1215,22.398,23.418
1216,22.7425,23.432
1217,22.6785,23.412
1218,22.301,23.43
1219,22.698,23.422
1220,22.523,23.423
1221,23.3345,23.397
1222,23.1025,23.398
1223,23.673,23.391
1224,23.6345,23.38
1225,23.7825,23.384
1226,23.0425,23.397
1227,22.388,23.418
1228,22.4105,23.411
1229,23.0955,23.403
1230,21.786,23.417
1231,21.9665,23.421
1232,21.8045,23.405
1233,21.853,23.423
1234,23.0455,23.391
1235,22.97,23.39
1236,22.818,23.401
1237,22.701,23.406
1238,24.7635,23.358
1239,24.493,23.36
1240,24.493,23.357
1241,25.122,23.354
1242,24.268,23.376
1243,23.279,23.385
1244,22.4095,23.393
1245,21.443,23.402
1246,21.9085,23.398
1247,23.9605,23.364
1248,25.119,23.338
1249,25.502,23.324
1250,25.394,23.326
1251,23.6445,23.363
1252,22.735,23.375
1253,23.263,23.364
1254,23.723,23.351
1255,24.372,23.343
1256,24.4475,23.343
1257,23.848,23.349
1258,22.4775,23.377
1259,22.1205,23.393
1260,22.3225,23.384
1261,22.65,23.369
1262,23.1765,23.361
1263,23.881,23.362
1264,23.78,23.343
1265,23.0555,23.348
1266,23.077,23.368
1267,23.68,23.358
1268,23.5435,23.357
1269,24.134,23.339
1270,23.467,23.349
1271,23.8835,23.343
1272,22.6115,23.354
1273,22.7895,23.361
1274,22.476,23.352
1275,22.317,23.37
1276,22.63,23.375
1277,25.25,23.315
1278,23.4495,23.339
1279,22.623,23.366
1280,21.753,23.365
1281,21.998,23.373
1282,21.853,23.366
1283,22.0035,23.375
1284,23.4695,23.346
1285,22.62,23.341
1286,23.0655,23.353
1287,23.081,23.338
1288,23.363,23.339
1289,23.43,23.329
1290,23.209,23.338
1291,23.219,23.341
1292,23.357,23.343
1293,23.505,23.336
1294,23.0725,23.33
1295,23.2205,23.327
1296,23.0115,23.337
1297,23.4795,23.326
1298,23.2645,23.325
1299,23.2645,23.323
1300,22.556,23.347
1301,22.1815,23.363
1302,22.2755,23.341
1303,22.8235,23.327
1304,22.9445,23.332
1305,23.263,23.326
1306,23.437,23.313
1307,23.1795,23.336
1308,23.212,23.33
1309,22.8705,23.328
1310,23.0425,23.322
1311,23.1765,23.314
1312,22.428,23.332
1313,22.096,23.345
1314,23.05,23.318
1315,23.518,23.311
1316,22.795,23.333
1317,22.321,23.336
1318,21.524,23.336
1319,22.661,23.316
1320,23.3855,23.317
1321,23.3555,23.306
1322,22.772,23.315
1323,21.157,23.344
1324,10.739,23.536
1325,11.2585,23.528
1326,7.4375,23.584
1327,6.5875,23.607
1328,4.4985,23.641
1329,3.919,23.656
1330,4.036,23.663
1331,4.0515,23.664
1332,4.0215,23.684
1333,3.814,23.675
1334,1.793,23.716
1335,1.8015,23.719
1336,1.2805,23.723
1337,0.556,23.736
1338,0.6485,23.743
1339,0.683,23.746
1340,0.663,23.768
1341,0.616,23.765
1342,0.613,23.78
1343,0.647,23.775
1344,0.704,23.769
1345,0.7225,23.764
1346,0.61,23.778
1347,0.6885,23.773
1348,0.6955,23.78
1349,0.7085,23.788
1350,0.741,23.79
1351,0.656,23.787
1352,0.633,23.802
1353,0.6815,23.797
1354,0.7215,23.796
1355,0.6915,23.817
1356,0.647,23.805
1357,0.687,23.805
1358,0.687,23.814
1359,0.619,23.83
1360,0.734,23.818
1361,0.7085,23.816
1362,0.7155,23.815
1363,0.663,23.821
1364,0.697,23.822
1365,0.7215,23.827
1366,0.697,23.83
1367,0.6215,23.836
1368,0.646,23.85
1369,0.7,23.83
1370,0.724,23.842
1371,0.6885,23.836
1372,0.6955,23.838
1373,0.7425,23.845
1374,0.7155,23.844
1375,0.7015,23.859
1376,0.6655,23.859
1377,0.6815,23.859
1378,0.7085,23.859
1379,0.727,23.856
1380,0.7015,23.86
1381,0.731,23.866
1382,0.6885,23.858
1383,0.6615,23.863
1384,0.7115,23.862
1385,0.6955,23.867
1386,0.724,23.861
1387,0.724,23.863
1388,0.747,23.868
1389,0.7115,23.88
1390,0.7355,23.905
1391,0.717,23.872
1392,0.72,23.885
1393,0.6655,23.9
1394,0.6885,23.874
1395,0.724,23.879
1396,0.717,23.879
1397,0.761,23.877
1398,0.7085,23.889
1399,0.687,23.898
1400,0.764,23.897
1401,0.7,23.894
1402,0.737,23.882
1403,0.7225,23.896
1404,0.71,23.885
1405,0.727,23.891
1406,0.734,23.889
1407,0.747,23.91
1408,0.6985,23.911
1409,0.6545,23.907
1410,0.781,23.911
1411,0.7525,23.896
1412,0.72,23.917
1413,0.7425,23.915
1414,0.71,23.902
1415,0.747,23.907
1416,0.7355,23.904
1417,0.626,23.935
1418,0.7495,23.906
1419,0.7455,23.913
1420,0.7495,23.902
1421,0.764,23.907
1422,0.7795,23.902
1423,0.6885,23.929
1424,0.731,23.915
1425,0.684,23.918
1426,0.7585,23.927
1427,0.7225,23.913
1428,0.754,23.929
1429,0.704,23.92
1430,0.724,23.922
1431,0.74,23.924
1432,0.7225,23.921
1433,0.7625,23.928
1434,0.7,23.93
1435,0.727,23.921
1436,0.74,23.929
1437,0.741,23.927
1438,0.7655,23.926
1439,0.7325,23.923
1440,0.7125,23.934
1441,0.737,23.94
1442,0.7495,23.935
1443,0.778,23.935
1444,0.747,23.935
1445,0.73,23.931
1446,0.7525,23.935
1447,0.7325,23.935
1448,0.7425,23.938
1449,0.7125,23.942
1450,0.6755,23.956
1451,0.704,23.943
1452,0.7155,23.937
1453,0.7855,23.938
1454,0.694,23.939
1455,0.717,23.938
1456,0.7555,23.946
1457,0.741,23.957
1458,0.667,23.967
1459,0.751,23.943
1460,0.693,23.944
1461,0.72,23.941
1462,0.72,23.945
1463,0.7595,23.948
1464,0.7355,23.957
1465,0.7425,23.958
1466,0.7,23.941
1467,0.71,23.961
1468,0.741,23.949
1469,0.7355,23.942
1470,0.737,23.952
1471,0.71,23.955
1472,0.7485,23.953
1473,0.7585,23.952
1474,0.761,23.951
1475,0.687,23.967
1476,0.6885,23.969
1477,0.7525,23.953
1478,0.781,23.957
1479,0.7425,23.957
1480,0.7625,23.952
1481,0.7695,23.952
1482,0.731,23.953
1483,0.7255,23.96
1484,2.17,23.937
1485,9.3485,23.81
1486,21.4885,23.62
1487,31.9945,23.419
1488,32.9525,23.393
1489,30.87,23.41
1490,27.036,23.475
1491,26.491,23.479
1492,25.849,23.476
1493,26.4655,23.463
1494,27.244,23.442
1495,28.3495,23.412
1496,29.2235,23.396
1497,28.035,23.398
1498,28.5915,23.381
1499,28.468,23.383
1500,27.3905,23.385
1501,26.3075,23.414
1502,26.595,23.393
1503,27.7535,23.369
1504,27.039,23.378
1505,27.866,23.364
1506,25.717,23.401
1507,25.381,23.411
1508,24.893,23.409
1509,26.595,23.369
1510,25.654,23.382
1511,25.963,23.362
1512,26.709,23.35
1513,26.2505,23.365
1514,27.1455,23.335
1515,26.8825,23.335
1516,26.178,23.346
1517,25.9645,23.35
1518,27.7775,23.314
1519,26.6235,23.326
1520,25.781,23.34
1521,25.6625,23.331
1522,26.467,23.318
1523,25.549,23.332
1524,26.061,23.325
1525,26.2065,23.321
1526,26.925,23.307
1527,27.5855,23.287
1528,27.9695,23.271
1529,28.539,23.276
1530,28.959,23.262
1531,27.217,23.277
1532,26.73,23.291
1533,27.3195,23.283
1534,29.417,23.239
1535,28.6885,23.243
1536,27.6085,23.254
1537,25.263,23.293
1538,27.0005,23.275
1539,26.0955,23.27
1540,26.844,23.254
1541,27.275,23.272
1542,26.888,23.268
1543,26.878,23.254
1544,27.1615,23.243
1545,28.2845,23.227
1546,29.897,23.198
1547,29.3745,23.208
1548,29.117,23.202
1549,28.895,23.211
1550,26.33,23.249
1551,28.5875,23.209
1552,29.0455,23.196
1553,29.39,23.187
1554,28.1335,23.202
1555,27.1285,23.224
1556,28.4765,23.19
1557,28.8365,23.18
1558,28.589,23.193
1559,28.6185,23.196
1560,29.363,23.17
1561,28.4395,23.178
1562,27.661,23.192
1563,28.1645,23.174
1564,28.3795,23.183
1565,28.401,23.186
1566,28.337,23.169
1567,28.223,23.18
1568,28.603,23.158
1569,29.8555,23.145
1570,28.229,23.167
1571,28.6855,23.16
1572,28.367,23.157
1573,28.62,23.144
1574,28.8335,23.146
1575,28.4195,23.16
1576,28.8435,23.138
1577,29.0485,23.134
1578,28.2545,23.139
1579,28.4365,23.148
1580,28.0935,23.147
1581,28.482,23.149
1582,28.1905,23.147
1583,28.233,23.147
1584,28.1435,23.137
1585,27.554,23.145
1586,27.2865,23.153
1587,27.0135,23.154
1588,28.219,23.134
1589,27.937,23.133
1590,27.0975,23.149
1591,27.954,23.128
1592,27.6765,23.14
1593,26.8,23.147
1594,26.8825,23.138
1595,27.6835,23.129
1596,27.1555,23.134
1597,26.673,23.142
1598,26.9435,23.135
1599,28.781,23.116
1600,27.177,23.124
1601,28.22,23.108
1602,28.4365,23.107
1603,28.9705,23.096
1604,28.5705,23.106
1605,27.3235,23.12
1606,25.6925,23.153
1607,25.4125,23.167
1608,27.8045,23.124
1609,27.16,23.122
1610,26.9495,23.119
1611,28.8195,23.082
1612,27.577,23.106
1613,26.7005,23.121
1614,26.8285,23.118
1615,27.3905,23.115
1616,27.799,23.109
1617,28.226,23.09
1618,28.6,23.088
1619,28.421,23.08
1620,29.39,23.072
1621,28.055,23.088
1622,26.867,23.107
1623,25.6825,23.146
1624,26.413,23.119
1625,26.857,23.104
1626,27.17,23.105
1627,27.8915,23.083
1628,27.365,23.092
1629,28.277,23.08
1630,28.109,23.074
1631,26.2505,23.108
1632,26.625,23.121
1633,26.847,23.091
1634,24.308,23.144
1635,22.4905,23.168
1636,26.424,23.111
1637,30.13,23.039
1638,30.964,23.01
1639,24.4675,23.131
1640,22.4365,23.186
1641,24.3135,23.133
1642,26.773,23.099
1643,26.447,23.102
1644,25.206,23.116
1645,25.1815,23.118
1646,24.423,23.128
1647,24.4245,23.128
1648,23.8935,23.137
1649,25.4765,23.128
1650,26.383,23.105
1651,29.3445,23.029
1652,29.743,23.022
1653,26.938,23.071
1654,24.571,23.127
1655,26.969,23.072
1656,23.5495,23.129
1657,19.153,23.217
1658,18.3345,23.221
1659,18.6835,23.218
1660,23.6875,23.15
1661,25.196,23.114
1662,23.643,23.138
1663,19.721,23.203
1664,19.563,23.206
1665,21.1115,23.199
1666,20.3955,23.212
1667,20.084,23.202
1668,22.0095,23.175
1669,24.1115,23.128
1670,28.287,23.055
1671,29.091,23.04
1672,29.2835,23.024
1673,29.006,23.039
1674,25.61,23.112
1675,24.0675,23.135
1676,28.7665,23.042
1677,28.337,23.045
1678,26.8395,23.066
1679,25.5275,23.086
1680,22.0265,23.143
1681,19.112,23.214
1682,18.712,23.198
1683,18.3035,23.231
1684,20.158,23.199
1685,20.585,23.171
1686,21.911,23.152
1687,22.543,23.156
1688,24.6965,23.112
1689,25.6615,23.102
1690,23.155,23.143
1691,21.558,23.153
1692,19.963,23.196
1693,18.393,23.222
1694,16.967,23.238
1695,17.3045,23.24
1696,18.255,23.213
1697,17.4595,23.25
1698,17.377,23.249
1699,18.578,23.223
1700,18.6165,23.215
1701,20.2105,23.195
1702,20.9835,23.182
1703,20.2945,23.193
1704,18.08,23.229
1705,18.8985,23.228
1706,19.365,23.209
1707,17.28,23.245
1708,14.7225,23.289
1709,11.5005,23.334
1710,18.5625,23.225
1711,26.6475,23.095
1712,23.7245,23.136
1713,22.509,23.163
1714,20.613,23.205
1715,23.7885,23.153
1716,24.194,23.128
1717,24.897,23.115
1718,25.1445,23.116
1719,25.1505,23.108
1720,25.005,23.108
1721,25.6085,23.099
1722,25.9405,23.087
1723,27.9695,23.061
1724,28.408,23.047
1725,27.8375,23.055
1726,27.3095,23.059
1727,26.5195,23.054
1728,25.3155,23.083
1729,23.831,23.11
1730,24.9725,23.097
1731,27.4205,23.062
1732,25.546,23.07
1733,26.06,23.066
1734,25.933,23.061
1735,26.5765,23.046
1736,26.733,23.046
1737,28.5645,23.012
1738,30.6225,22.982
1739,28.4835,23.002
1740,27.644,23.031
1741,26.38,23.038
1742,24.3235,23.091
1743,24.6025,23.072
1744,24.2265,23.075
1745,22.0635,23.136
1746,24.9695,23.067
1747,26.8825,23.034
1748,26.323,23.041
1749,26.279,23.057
1750,26.4755,23.03
1751,28.6045,22.994
1752,27.6025,23.014
1753,25.3155,23.047
1754,25.6115,23.036
1755,24.783,23.07
1756,23.921,23.093
1757,24.3535,23.065
1758,26.303,23.027
1759,24.443,23.062
1760,26.289,23.034
1761,27.0475,23.012
1762,26.2675,23.025
1763,26.0995,23.033
1764,25.2455,23.054
1765,26.471,23.019
1766,27.19,23.006
1767,25.9045,23.022
1768,23.969,23.063
1769,20.4625,23.127
1770,18.0785,23.162
1771,19.3195,23.172
1772,27.305,23.011
1773,26.5025,23.03
1774,26.4,23.017
1775,28.4605,22.979
1776,26.81,23.005
1777,24.574,23.052
1778,24.375,23.045
1779,24.0105,23.066
1780,25.5975,23.031
1781,24.4985,23.055
1782,23.938,23.07
1783,23.875,23.05
1784,22.176,23.082
1785,20.5735,23.117
1786,20.1335,23.138
1787,20.7995,23.118
1788,22.193,23.101
1789,25.5205,23.022
1790,26.397,23.011
1791,25.179,23.038
1792,24.486,23.05
1793,23.3285,23.061
1794,20.3485,23.108
1795,18.686,23.149
1796,18.3815,23.162
1797,19.4645,23.147
1798,20.945,23.125
1799,22.6925,23.082
1800,22.428,23.081
1801,20.7145,23.114
1802,23.643,23.062
1803,22.196,23.091
1804,19.974,23.14
1805,17.811,23.178
1806,16.352,23.197
1807,19.5475,23.152
1808,20.7255,23.118
1809,23.131,23.072
1810,23.2065,23.069
1811,25.1035,23.035
1812,23.4225,23.059
1813,18.278,23.158
1814,14.5875,23.225
1815,14.189,23.233
1816,19.5145,23.146
1817,19.6485,23.133
1818,18.158,23.158
1819,14.1165,23.228
1820,15.258,23.21
1821,17.4465,23.175
1822,17.391,23.194
1823,15.676,23.211
1824,18.12,23.174
1825,12.188,23.258
1826,13.3335,23.25
1827,17.606,23.194
1828,18.732,23.161
1829,16.879,23.194
1830,14.1165,23.257
1831,14.428,23.235
1832,16.661,23.21
1833,20.2615,23.15
1834,18.0815,23.175
1835,19.4165,23.156
1836,20.7825,23.141
1837,19.418,23.152
1838,19.701,23.157
1839,21.951,23.116
1840,24.567,23.06
1841,24.1615,23.065
1842,23.979,23.065
1843,22.4165,23.116
1844,21.0415,23.125
1845,20.6885,23.129
1846,20.474,23.122
1847,20.6845,23.133
1848,21.5395,23.12
1849,20.6785,23.126
1850,20.058,23.135
1851,19.183,23.149
1852,21.5965,23.107
1853,23.215,23.075
1854,23.713,23.082
1855,22.9145,23.1
1856,20.7155,23.111
1857,20.465,23.114
1858,21.1655,23.115
1859,21.1425,23.102
1860,21.6835,23.089
1861,22.5575,23.094
1862,22.6415,23.099
1863,22.859,23.092
1864,21.9695,23.098
1865,21.4785,23.113
1866,21.621,23.103
1867,20.8895,23.106
1868,21.423,23.09
1869,21.6495,23.099
1870,21.89,23.082
1871,21.319,23.099
1872,20.592,23.121
1873,20.797,23.12
1874,22.3465,23.082
1875,22.3225,23.074
1876,22.095,23.074
1877,22.5045,23.063
1878,22.4205,23.062
1879,22.6885,23.101
1880,21.7435,23.082
1881,21.6165,23.102
1882,21.4785,23.086
1883,21.073,23.091
1884,21.968,23.072
1885,22.0535,23.068
1886,22.1145,23.061
1887,22.0875,23.092
1888,22.129,23.081
1889,22.465,23.06
1890,22.193,23.066
1891,23.0555,23.053
1892,23.0685,23.044
1893,22.529,23.052
1894,22.132,23.059
1895,22.4675,23.072
1896,22.543,23.069
1897,22.509,23.046
1898,22.862,23.043
1899,22.792,23.047
1900,22.5945,23.067
1901,23.0485,23.03
1902,22.432,23.046
1903,22.677,23.048
1904,22.529,23.063
1905,22.701,23.051
1906,22.2215,23.045
1907,22.1515,23.047
1908,22.2655,23.053
1909,22.4635,23.044
1910,22.153,23.056
1911,22.543,23.033
1912,22.428,23.051
1913,23.72,23.03
1914,23.373,23.022
1915,22.9385,23.055
1916,22.8475,23.024
1917,21.8555,23.042
1918,23.4355,23.018
1919,23.0825,23.029
1920,23.04,23.025
1921,22.5885,23.04
1922,22.321,23.028
1923,23.323,23.028
1924,23.35,23.017
1925,24.1485,22.997
1926,24.0675,23.002
1927,23.2745,23.003
1928,23.1265,23.017
1929,22.966,23.019
1930,22.3895,23.031
1931,22.7695,23.021
1932,22.8475,23.027
1933,22.28,23.033
1934,21.7205,23.034
1935,22.2715,23.028
1936,22.644,23.033
1937,22.929,23.025
1938,22.23,23.044
1939,22.3525,23.025
1940,22.6825,23.022
1941,22.6315,23.02
1942,23.0285,23.006
1943,23.3815,22.994
1944,22.6825,23.018
1945,23.0525,23.002
1946,23.1295,23.003
1947,23.656,22.993
1948,25.502,22.964
1949,24.9895,22.962
1950,25.0195,22.958
1951,25.691,22.939
1952,24.0615,22.97
1953,24.836,22.978
1954,25.1475,22.953
1955,25.109,22.95
1956,26.871,22.938
1957,26.7045,22.94
1958,27.96,22.903
1959,27.5385,22.914
1960,27.3025,22.91
1961,27.254,22.917
1962,26.9095,22.91
1963,26.3945,22.926
1964,27.1925,22.908
1965,28.3995,22.883
1966,28.122,22.889
1967,27.7305,22.893
1968,29.898,22.858
1969,29.861,22.854
1970,28.2445,22.885
1971,25.5875,22.915
1972,26.3575,22.901
1973,24.9115,22.934
1974,22.3325,22.98
1975,22.8575,22.965
1976,23.505,22.965
1977,23.1055,22.964
1978,25.216,22.92
1979,22.012,22.989
1980,28.3525,22.873
1981,23.891,22.938
1982,27.4375,22.885
1983,21.5055,22.987
1984,20.111,23.019
1985,20.3455,23.007
1986,23.6245,22.947
1987,24.702,22.945
1988,22.5275,22.983
1989,20.6845,22.994
1990,19.6285,23.028
1991,22.304,22.976
1992,22.321,22.97
1993,24.5795,22.946
1994,24.9355,22.919
1995,24.409,22.961
1996,25.0765,22.92
1997,20.8835,22.994
1998,20.219,23.01
1999,19.2425,23.027
2000,18.4485,23.04
2001,20.5775,23.002
2002,21.749,22.973
2003,23.871,22.945
2004,25.8465,22.932
2005,24.638,22.937
2006,23.5705,22.947
2007,22.401,22.965
2008,20.733,22.988
2009,18.1855,23.031
2010,14.1235,23.114
2011,19.4775,23.03
2012,19.604,23.033
2013,19.516,23.018
2014,20.5565,23.013
2015,22.896,22.967
2016,24.806,22.936
2017,23.35,22.953
2018,23.155,22.949
2019,22.909,22.955
2020,21.3175,22.999
2021,23.2915,22.944
2022,26.6605,22.895
2023,31.4835,22.807
2024,33.556,22.777
2025,34.3625,22.761
2026,33.399,22.769
2027,28.7755,22.841
2028,21.167,22.961
2029,18.709,23.012
2030,20.411,22.987
2031,22.963,22.935
2032,23.2065,22.927
2033,23.158,22.937
2034,21.6095,22.957
2035,21.85,22.956
2036,22.933,22.939
2037,23.471,22.928
2038,23.8295,22.919
2039,23.797,22.919
2040,24.54,22.909
2041,24.897,22.899
2042,23.8425,22.916
2043,24.0105,22.925
2044,24.947,22.89
2045,27.409,22.869
2046,27.311,22.857
2047,25.9885,22.87
2048,24.867,22.892
2049,22.67,22.926
2050,21.379,22.941
2051,19.23,22.99
2052,21.9495,22.958
2053,23.299,22.935
2054,24.328,22.905
2055,26.2635,22.867
2056,25.6555,22.878
2057,24.2725,22.902
2058,23.7115,22.913
2059,19.7695,22.969
2060,16.197,23.043
2061,12.4955,23.112
2062,14.7995,23.073
2063,19.6755,22.995
2064,23.6105,22.916
2065,23.5395,22.917
2066,26.047,22.873
2067,29.0245,22.836
2068,27.799,22.838
2069,27.833,22.844
2070,26.413,22.867
2071,24.416,22.902
2072,23.676,22.906
2073,24.137,22.895
2074,24.245,22.89
2075,23.337,22.904
2076,21.5995,22.937
2077,22.5915,22.923
2078,23.7385,22.914
2079,24.419,22.884
2080,24.8215,22.879
2081,24.759,22.89
2082,24.513,22.881
2083,23.8525,22.901
2084,23.3615,22.897
2085,24.09,22.887
2086,23.811,22.898
2087,25.4805,22.867
2088,25.4025,22.859
2089,24.207,22.878
2090,23.8195,22.902
2091,24.1,22.895
2092,24.6395,22.87
2093,24.3845,22.877
2094,23.693,22.899
2095,23.895,22.888
2096,23.8935,22.884
2097,23.921,22.889
2098,24.211,22.879
2099,23.848,22.875
2100,24.076,22.878
2101,23.9395,22.883
2102,24.473,22.872
2103,25.008,22.868
2104,24.4985,22.87
2105,23.222,22.889
2106,23.172,22.886
2107,24.0845,22.879
2108,24.887,22.861
2109,24.372,22.873
2110,26.316,22.833
2111,26.726,22.837
2112,26.582,22.836
2113,25.909,22.838
2114,24.624,22.857
2115,24.137,22.863
2116,24.184,22.859
2117,23.3715,22.876
2118,23.199,22.872
2119,23.074,22.89
2120,23.1595,22.898
2121,23.602,22.885
2122,24.2365,22.863
2123,25.1235,22.851
2124,24.8375,22.852
2125,24.211,22.858
2126,24.217,22.858
2127,23.5265,22.869
2128,23.269,22.891
2129,24.433,22.865
2130,24.2495,22.855
2131,24.164,22.856
2132,24.739,22.855
2133,24.322,22.851
2134,23.451,22.871
2135,23.108,22.873
2136,22.5785,22.879
2137,23.928,22.872
2138,26.101,22.83
2139,25.885,22.828
2140,26.6165,22.812
2141,26.861,22.809
2142,26.561,22.811
2143,25.0025,22.836
2144,24.3105,22.856
2145,24.524,22.856
2146,24.157,22.85
2147,24.3735,22.849
2148,24.0745,22.86
2149,24.6765,22.833
2150,24.877,22.836
2151,25.089,22.837
2152,25.3525,22.832
2153,25.421,22.829
2154,24.6055,22.839
2155,23.6175,22.845
2156,12.229,23.049
2157,8.7365,23.105
2158,7.6235,23.144
2159,6.424,23.153
2160,4.4755,23.193
2161,3.697,23.228
2162,3.7585,23.238
2163,3.8325,23.21
2164,3.8025,23.221
2165,3.7925,23.23
2166,-0.27,23.308
2167,-0.283,23.307
2168,-0.2915,23.319
2169,-0.357,23.315
2170,-0.454,23.329
2171,-0.512,23.344
2172,-0.38,23.333
2173,-0.39,23.328
2174,-0.404,23.339
2175,-0.434,23.34
2176,-0.4525,23.342
2177,-0.4625,23.362
2178,-0.3785,23.354
2179,-0.4465,23.365
2180,-0.427,23.351
2181,-0.565,23.369
2182,-0.428,23.365
2183,-0.428,23.369
2184,-0.4025,23.381
2185,-0.421,23.381
2186,-0.431,23.39
2187,-0.448,23.398
2188,-0.411,23.381