%time,field.header.seq,field.header.stamp,field.header.frame_id,field.name0,field.name1,field.name2,field.name3,field.name4,field.name5,field.name6,field.name7,field.position0,field.position1,field.position2,field.position3,field.position4,field.position5,field.position6,field.position7
1552596318757791119,117,1552596318757213115,,j_shou_yaw,j_shou_pitch,j_prox_pitch,j_dist_pitch,j_hand_yaw,j_scoop_yaw,j_ant_pan,j_ant_tilt,0.0282781585441,0.179152813363,-0.17913938753,-5.26068259448e-06,0.179141917494,-1.01483413019e-05,0.0,0.0
1552596318857972241,118,1552596318857072114,,j_shou_yaw,j_shou_pitch,j_prox_pitch,j_dist_pitch,j_hand_yaw,j_scoop_yaw,j_ant_pan,j_ant_tilt,0.0381283536138,0.241557518965,-0.241539416482,-7.09314808811e-06,0.241542827714,-1.36833360329e-05,0.0,0.0
1552596318958194678,119,1552596318957489013,,j_shou_yaw,j_shou_pitch,j_prox_pitch,j_dist_pitch,j_hand_yaw,j_scoop_yaw,j_ant_pan,j_ant_tilt,0.0491860594473,0.311612261261,-0.311588908828,-9.15025094092e-06,0.311593309361,-1.76516769218e-05,0.0,0.0
1552596319057919168,120,1552596319057111978,,j_shou_yaw,j_shou_pitch,j_prox_pitch,j_dist_pitch,j_hand_yaw,j_scoop_yaw,j_ant_pan,j_ant_tilt,0.0616110462895,0.390329245088,-0.390299993551,-1.14617137583e-05,0.390305505711,-2.21107016122e-05,0.0,0.0
1552596319157589550,121,1552596319156987905,,j_shou_yaw,j_shou_pitch,j_prox_pitch,j_dist_pitch,j_hand_yaw,j_scoop_yaw,j_ant_pan,j_ant_tilt,0.075293750178,0.477014341368,-0.476978593592,-1.40071539813e-05,0.476985329904,-2.70210902705e-05,0.0,0.0
1552596319258767404,122,1552596319257997989,,j_shou_yaw,j_shou_pitch,j_prox_pitch,j_dist_pitch,j_hand_yaw,j_scoop_yaw,j_ant_pan,j_ant_tilt,0.09013975694,0.571069400663,-0.571026604338,-1.67690074184e-05,0.571034668878,-3.23489599532e-05,0.0,0.0
1552596319358594397,123,1552596319357775926,,j_shou_yaw,j_shou_pitch,j_prox_pitch,j_dist_pitch,j_hand_yaw,j_scoop_yaw,j_ant_pan,j_ant_tilt,0.105917866892,0.671029685667,-0.67097939825,-1.97042632014e-05,0.670988874412,-3.80113387337e-05,0.0,0.0
1552596319458264840,124,1552596319457564115,,j_shou_yaw,j_shou_pitch,j_prox_pitch,j_dist_pitch,j_hand_yaw,j_scoop_yaw,j_ant_pan,j_ant_tilt,0.12246330415,0.775851278927,-0.77579313611,-2.27822675087e-05,0.775804092544,-4.39490925666e-05,0.0,0.0
1552596319558790087,125,1552596319557838916,,j_shou_yaw,j_shou_pitch,j_prox_pitch,j_dist_pitch,j_hand_yaw,j_scoop_yaw,j_ant_pan,j_ant_tilt,0.137428008641,0.870658333163,-0.870593085441,-2.55662026905e-05,0.870605380723,-4.93195599689e-05,0.0,0.0
1552596319658295982,126,1552596319657547950,,j_shou_yaw,j_shou_pitch,j_prox_pitch,j_dist_pitch,j_hand_yaw,j_scoop_yaw,j_ant_pan,j_ant_tilt,0.15324104741,0.970839905412,-0.970767150015,-2.85079564008e-05,0.970780860044,-5.49944738498e-05,0.0,0.0
1552596319758168014,127,1552596319757507085,,j_shou_yaw,j_shou_pitch,j_prox_pitch,j_dist_pitch,j_hand_yaw,j_scoop_yaw,j_ant_pan,j_ant_tilt,0.16887395004,1.0698802472,-1.06980006965,-3.14161987688e-05,1.06981517831,-6.06047412646e-05,0.0,0.0
1552596319859299981,128,1552596319858151912,,j_shou_yaw,j_shou_pitch,j_prox_pitch,j_dist_pitch,j_hand_yaw,j_scoop_yaw,j_ant_pan,j_ant_tilt,0.183166021074,1.16042591446,-1.16033895137,-3.4075001647e-05,1.16035533869,-6.57338169269e-05,0.0,0.0
1552596319958177183,129,1552596319957365989,,j_shou_yaw,j_shou_pitch,j_prox_pitch,j_dist_pitch,j_hand_yaw,j_scoop_yaw,j_ant_pan,j_ant_tilt,0.196264337712,1.24340869683,-1.24331551494,-3.65117263103e-05,1.24333307414,-7.04344832561e-05,0.0,0.0
1552596320058231961,130,1552596320057545900,,j_shou_yaw,j_shou_pitch,j_prox_pitch,j_dist_pitch,j_hand_yaw,j_scoop_yaw,j_ant_pan,j_ant_tilt,0.2079469041,1.31742216671,-1.3173234382,-3.86850741102e-05,1.3173420426,-7.46270713557e-05,0.0,0.0
1552596320158094008,131,1552596320157480001,,j_shou_yaw,j_shou_pitch,j_prox_pitch,j_dist_pitch,j_hand_yaw,j_scoop_yaw,j_ant_pan,j_ant_tilt,0.218193454717,1.38233793438,-1.38223434104,-4.05912749824e-05,1.38225386217,-7.83043084241e-05,0.0,0.0
1552596320257859060,132,1552596320257229089,,j_shou_yaw,j_shou_pitch,j_prox_pitch,j_dist_pitch,j_hand_yaw,j_scoop_yaw,j_ant_pan,j_ant_tilt,0.22686306635,1.43726319807,-1.4371554886,-4.22041124997e-05,1.43717578538,-8.14156205582e-05,0.0,0.0
1552596320358205452,133,1552596320357665061,,j_shou_yaw,j_shou_pitch,j_prox_pitch,j_dist_pitch,j_hand_yaw,j_scoop_yaw,j_ant_pan,j_ant_tilt,0.234132133301,1.48331548231,-1.48320432164,-4.35564018974e-05,1.48322526876,-8.40243113698e-05,0.0,0.0
1552596320458448985,134,1552596320457914113,,j_shou_yaw,j_shou_pitch,j_prox_pitch,j_dist_pitch,j_hand_yaw,j_scoop_yaw,j_ant_pan,j_ant_tilt,0.239925848922,1.52002085871,-1.51990694732,-4.4634226639e-05,1.51992841278,-8.61035345779e-05,0.0,0.0
1552596320558314640,135,1552596320557642936,,j_shou_yaw,j_shou_pitch,j_prox_pitch,j_dist_pitch,j_hand_yaw,j_scoop_yaw,j_ant_pan,j_ant_tilt,0.242502755602,1.53634653567,-1.53623140083,-4.51136174062e-05,1.53625309684,-8.70283235259e-05,0.0,0.0
1552596320658449238,136,1552596320657958030,,j_shou_yaw,j_shou_pitch,j_prox_pitch,j_dist_pitch,j_hand_yaw,j_scoop_yaw,j_ant_pan,j_ant_tilt,0.245051919384,1.5524964509,-1.55238010577,-4.55878470672e-05,1.55240202985,-8.79431562247e-05,0.0,0.0
1552596320759207420,137,1552596320757572889,,j_shou_yaw,j_shou_pitch,j_prox_pitch,j_dist_pitch,j_hand_yaw,j_scoop_yaw,j_ant_pan,j_ant_tilt,0.247628801323,1.56882197112,-1.56870440254,-4.60672332317e-05,1.56872655717,-8.88679362937e-05,0.0,0.0
1552596320858594584,138,1552596320857709884,,j_shou_yaw,j_shou_pitch,j_prox_pitch,j_dist_pitch,j_hand_yaw,j_scoop_yaw,j_ant_pan,j_ant_tilt,0.247945974647,1.5708313839,-1.57071366474,-4.61262380704e-05,1.57073584774,-8.89817620628e-05,0.0,0.0
1552596320957788054,139,1552596320957108020,,j_shou_yaw,j_shou_pitch,j_prox_pitch,j_dist_pitch,j_hand_yaw,j_scoop_yaw,j_ant_pan,j_ant_tilt,0.247945974647,1.5708313839,-1.57071366474,-4.61262380704e-05,1.57073584774,-8.89817620628e-05,0.0,0.0
1552596321059067086,140,1552596321058270931,,j_shou_yaw,j_shou_pitch,j_prox_pitch,j_dist_pitch,j_hand_yaw,j_scoop_yaw,j_ant_pan,j_ant_tilt,0.247945974647,1.5708313839,-1.57071366474,-4.61262380704e-05,1.57073584774,-8.89817620628e-05,0.0,0.0
1552596321159826598,141,1552596321158045053,,j_shou_yaw,j_shou_pitch,j_prox_pitch,j_dist_pitch,j_hand_yaw,j_scoop_yaw,j_ant_pan,j_ant_tilt,0.247945974647,1.5708313839,-1.57071366474,-4.61262380704e-05,1.57073584774,-8.89817620628e-05,0.0,0.0
1552596321258397901,142,1552596321257867097,,j_shou_yaw,j_shou_pitch,j_prox_pitch,j_dist_pitch,j_hand_yaw,j_scoop_yaw,j_ant_pan,j_ant_tilt,0.247945974647,1.5708313839,-1.57071366474,-4.61262380704e-05,1.57073584774,-8.89817620628e-05,0.0,0.0
1552596321358077562,143,1552596321357526063,,j_shou_yaw,j_shou_pitch,j_prox_pitch,j_dist_pitch,j_hand_yaw,j_scoop_yaw,j_ant_pan,j_ant_tilt,0.247945974647,1.5708313839,-1.57071366474,-4.61262380704e-05,1.57073584774,-8.89817620628e-05,0.0,0.0
1552596321458092205,144,1552596321457242965,,j_shou_yaw,j_shou_pitch,j_prox_pitch,j_dist_pitch,j_hand_yaw,j_scoop_yaw,j_ant_pan,j_ant_tilt,0.247945974647,1.5708313839,-1.57071366474,-4.61262380704e-05,1.57073584774,-8.89817620628e-05,0.0,0.0
1552596321558915330,145,1552596321558084964,,j_shou_yaw,j_shou_pitch,j_prox_pitch,j_dist_pitch,j_hand_yaw,j_scoop_yaw,j_ant_pan,j_ant_tilt,0.247945974647,1.5708313839,-1.57071366474,-4.61262380704e-05,1.57073584774,-8.89817620628e-05,0.0,0.0
1552596321658481201,146,1552596321657772064,,j_shou_yaw,j_shou_pitch,j_prox_pitch,j_dist_pitch,j_hand_yaw,j_scoop_yaw,j_ant_pan,j_ant_tilt,0.247945974647,1.5708313839,-1.57071366474,-4.61262380704e-05,1.57073584774,-8.89817620628e-05,0.0,0.0
1552596321758307794,147,1552596321757455110,,j_shou_yaw,j_shou_pitch,j_prox_pitch,j_dist_pitch,j_hand_yaw,j_scoop_yaw,j_ant_pan,j_ant_tilt,0.247945974647,1.5708313839,-1.57071366474,-4.61262380704e-05,1.57073584774,-8.89817620628e-05,0.0,0.0
1552596321857742594,148,1552596321857180118,,j_shou_yaw,j_shou_pitch,j_prox_pitch,j_dist_pitch,j_hand_yaw,j_scoop_yaw,j_ant_pan,j_ant_tilt,0.247945974647,1.5708313839,-1.57071366474,-4.61262380704e-05,1.57073584774,-8.89817620628e-05,0.0,0.0
1552596321959079649,149,1552596321957930088,,j_shou_yaw,j_shou_pitch,j_prox_pitch,j_dist_pitch,j_hand_yaw,j_scoop_yaw,j_ant_pan,j_ant_tilt,0.247945974647,1.5708313839,-1.57071366474,-4.61262380704e-05,1.57073584774,-8.89817620628e-05,0.0,0.0
1552596322058147609,150,1552596322057622909,,j_shou_yaw,j_shou_pitch,j_prox_pitch,j_dist_pitch,j_hand_yaw,j_scoop_yaw,j_ant_pan,j_ant_tilt,0.247945974647,1.5708313839,-1.57071366474,-4.61262380704e-05,1.57073584774,-8.89817620628e-05,0.0,0.0
1552596322158052280,151,1552596322157382011,,j_shou_yaw,j_shou_pitch,j_prox_pitch,j_dist_pitch,j_hand_yaw,j_scoop_yaw,j_ant_pan,j_ant_tilt,0.247945974647,1.5708313839,-1.57071366474,-4.61262380704e-05,1.57073584774,-8.89817620628e-05,0.0,0.0
1552596322257870046,152,1552596322257414102,,j_shou_yaw,j_shou_pitch,j_prox_pitch,j_dist_pitch,j_hand_yaw,j_scoop_yaw,j_ant_pan,j_ant_tilt,0.247945974647,1.5708313839,-1.57071366474,-4.61262380704e-05,1.57073584774,-8.89817620628e-05,0.0,0.0
1552596322370852102,153,1552596322357151031,,j_shou_yaw,j_shou_pitch,j_prox_pitch,j_dist_pitch,j_hand_yaw,j_scoop_yaw,j_ant_pan,j_ant_tilt,0.247945975091,1.57083193553,-1.57071829292,-4.20454771422e-05,1.57073584786,-8.89817620628e-05,0.0,0.0
1552596322457979548,154,1552596322457464933,,j_shou_yaw,j_shou_pitch,j_prox_pitch,j_dist_pitch,j_hand_yaw,j_scoop_yaw,j_ant_pan,j_ant_tilt,0.247948162208,1.57355008066,-1.59352365394,0.0200659048938,1.57073643965,-8.89817620628e-05,0.0,0.0
1552596322558034148,155,1552596322557535886,,j_shou_yaw,j_shou_pitch,j_prox_pitch,j_dist_pitch,j_hand_yaw,j_scoop_yaw,j_ant_pan,j_ant_tilt,0.247950324373,1.57623721612,-1.61606884239,0.0399444558263,1.57073702468,-8.89817620628e-05,0.0,0.0
1552596322665359628,156,1552596322664556980,,j_shou_yaw,j_shou_pitch,j_prox_pitch,j_dist_pitch,j_hand_yaw,j_scoop_yaw,j_ant_pan,j_ant_tilt,0.247952497937,1.57893851854,-1.63873289232,0.0599278093422,1.5707376128,-8.89817620628e-05,0.0,0.0
1552596322758590169,157,1552596322757978916,,j_shou_yaw,j_shou_pitch,j_prox_pitch,j_dist_pitch,j_hand_yaw,j_scoop_yaw,j_ant_pan,j_ant_tilt,0.247954664369,1.5816309568,-1.66132257149,0.0798455886397,1.57073819898,-8.89817620628e-05,0.0,0.0
1552596322858683649,158,1552596322857884883,,j_shou_yaw,j_shou_pitch,j_prox_pitch,j_dist_pitch,j_hand_yaw,j_scoop_yaw,j_ant_pan,j_ant_tilt,0.247957927154,1.58568594046,-1.69534406842,0.109843034037,1.57073908182,-8.89817620628e-05,0.0,0.0
1552596322957603955,159,1552596322957068920,,j_shou_yaw,j_shou_pitch,j_prox_pitch,j_dist_pitch,j_hand_yaw,j_scoop_yaw,j_ant_pan,j_ant_tilt,0.247963224371,1.59226931463,-1.75057887647,0.158544687041,1.57074051512,-8.89817620628e-05,0.0,0.0
1552596323057593809,160,1552596323057105064,,j_shou_yaw,j_shou_pitch,j_prox_pitch,j_dist_pitch,j_hand_yaw,j_scoop_yaw,j_ant_pan,j_ant_tilt,0.247969239896,1.59974539944,-1.81330356734,0.213850321985,1.57074214279,-8.89817620628e-05,0.0,0.0
1552596323158525026,161,1552596323157941102,,j_shou_yaw,j_shou_pitch,j_prox_pitch,j_dist_pitch,j_hand_yaw,j_scoop_yaw,j_ant_pan,j_ant_tilt,0.247976101744,1.6082732928,-1.88485297963,0.276936893176,1.57074399945,-8.89817620628e-05,0.0,0.0
1552596323257984684,162,1552596323257589101,,j_shou_yaw,j_shou_pitch,j_prox_pitch,j_dist_pitch,j_hand_yaw,j_scoop_yaw,j_ant_pan,j_ant_tilt,0.247984209155,1.61834917062,-1.96939005181,0.351474948097,1.57074619313,-8.89817620628e-05,0.0,0.0
1552596323373331200,163,1552596323363776922,,j_shou_yaw,j_shou_pitch,j_prox_pitch,j_dist_pitch,j_hand_yaw,j_scoop_yaw,j_ant_pan,j_ant_tilt,0.247992924309,1.62918035113,-2.0602641479,0.431600485801,1.57074855125,-8.89817620628e-05,0.0,0.0
1552596323458333375,164,1552596323457657098,,j_shou_yaw,j_shou_pitch,j_prox_pitch,j_dist_pitch,j_hand_yaw,j_scoop_yaw,j_ant_pan,j_ant_tilt,0.24800159701,1.63995877053,-2.15069557581,0.511335713977,1.57075089789,-8.89817620628e-05,0.0,0.0
1552596323558082740,165,1552596323557463884,,j_shou_yaw,j_shou_pitch,j_prox_pitch,j_dist_pitch,j_hand_yaw,j_scoop_yaw,j_ant_pan,j_ant_tilt,0.248008773467,1.64887766032,-2.22552546591,0.577314749137,1.57075283968,-8.89817620628e-05,0.0,0.0
1552596323668392571,166,1552596323667507886,,j_shou_yaw,j_shou_pitch,j_prox_pitch,j_dist_pitch,j_hand_yaw,j_scoop_yaw,j_ant_pan,j_ant_tilt,0.248021036534,1.66411818102,-2.35339412626,0.690059146145,1.57075615778,-8.89817620628e-05,0.0,0.0
1552596323757764603,167,1552596323757087945,,j_shou_yaw,j_shou_pitch,j_prox_pitch,j_dist_pitch,j_hand_yaw,j_scoop_yaw,j_ant_pan,j_ant_tilt,0.248021036534,1.66411818102,-2.35339412626,0.690059146145,1.57075615778,-8.89817620628e-05,0.0,0.0
1552596323857940854,168,1552596323857099056,,j_shou_yaw,j_shou_pitch,j_prox_pitch,j_dist_pitch,j_hand_yaw,j_scoop_yaw,j_ant_pan,j_ant_tilt,0.248026247685,1.67059459094,-2.40773149939,0.737969512543,1.5707575678,-8.89817620628e-05,0.0,0.0
1552596323959128793,169,1552596323957880973,,j_shou_yaw,j_shou_pitch,j_prox_pitch,j_dist_pitch,j_hand_yaw,j_scoop_yaw,j_ant_pan,j_ant_tilt,0.248028653169,1.6735841225,-2.43281380489,0.760085091147,1.57075821867,-8.89817620628e-05,0.0,0.0
1552596324058360459,170,1552596324057809114,,j_shou_yaw,j_shou_pitch,j_prox_pitch,j_dist_pitch,j_hand_yaw,j_scoop_yaw,j_ant_pan,j_ant_tilt,0.248030818894,1.67627568286,-2.45539611848,0.779996376069,1.57075880467,-8.89817620628e-05,0.0,0.0
1552596324160255853,171,1552596324157319068,,j_shou_yaw,j_shou_pitch,j_prox_pitch,j_dist_pitch,j_hand_yaw,j_scoop_yaw,j_ant_pan,j_ant_tilt,0.248033002042,1.6789888953,-2.47816009398,0.80006783599,1.57075939538,-8.89817620628e-05,0.0,0.0
1552596324258558385,172,1552596324257458925,,j_shou_yaw,j_shou_pitch,j_prox_pitch,j_dist_pitch,j_hand_yaw,j_scoop_yaw,j_ant_pan,j_ant_tilt,0.248035155919,1.68166573117,-2.50061886841,0.819870193915,1.57075997817,-8.89817620628e-05,0.0,0.0
1552596324358387908,173,1552596324357788085,,j_shou_yaw,j_shou_pitch,j_prox_pitch,j_dist_pitch,j_hand_yaw,j_scoop_yaw,j_ant_pan,j_ant_tilt,0.248036736427,1.68362998324,-2.51709903244,0.834401089534,1.57076040582,-8.89817620628e-05,0.0,0.0
1552596324458970622,174,1552596324457784891,,j_shou_yaw,j_shou_pitch,j_prox_pitch,j_dist_pitch,j_hand_yaw,j_scoop_yaw,j_ant_pan,j_ant_tilt,0.248036736427,1.68362998324,-2.51709903244,0.834401089534,1.57076040582,-8.89817620628e-05,0.0,0.0
1552596324558108375,175,1552596324557367086,,j_shou_yaw,j_shou_pitch,j_prox_pitch,j_dist_pitch,j_hand_yaw,j_scoop_yaw,j_ant_pan,j_ant_tilt,0.248036736427,1.68362998324,-2.51709903244,0.834401089534,1.57076040582,-8.89817620628e-05,0.0,0.0
1552596324669413116,176,1552596324657326936,,j_shou_yaw,j_shou_pitch,j_prox_pitch,j_dist_pitch,j_hand_yaw,j_scoop_yaw,j_ant_pan,j_ant_tilt,0.248036736427,1.68362998324,-2.51709903244,0.834401089534,1.57076040582,-8.89817620628e-05,0.0,0.0
1552596324757880122,177,1552596324757320880,,j_shou_yaw,j_shou_pitch,j_prox_pitch,j_dist_pitch,j_hand_yaw,j_scoop_yaw,j_ant_pan,j_ant_tilt,0.248036736427,1.68362998324,-2.51709903244,0.834401089534,1.57076040582,-8.89817620628e-05,0.0,0.0
1552596324857889077,178,1552596324857199907,,j_shou_yaw,j_shou_pitch,j_prox_pitch,j_dist_pitch,j_hand_yaw,j_scoop_yaw,j_ant_pan,j_ant_tilt,0.248036736427,1.68362998324,-2.51709903244,0.834401089534,1.57076040582,-8.89817620628e-05,0.0,0.0
1552596324958507099,179,1552596324957663059,,j_shou_yaw,j_shou_pitch,j_prox_pitch,j_dist_pitch,j_hand_yaw,j_scoop_yaw,j_ant_pan,j_ant_tilt,0.248036736427,1.68362998324,-2.51709903244,0.834401089534,1.57076040582,-8.89817620628e-05,0.0,0.0
1552596325058778855,180,1552596325058312892,,j_shou_yaw,j_shou_pitch,j_prox_pitch,j_dist_pitch,j_hand_yaw,j_scoop_yaw,j_ant_pan,j_ant_tilt,0.248036736303,1.68362998314,-2.51709903223,0.83440108936,1.57075479246,-8.89816329665e-05,0.0,0.0
1552596325158151090,181,1552596325157604932,,j_shou_yaw,j_shou_pitch,j_prox_pitch,j_dist_pitch,j_hand_yaw,j_scoop_yaw,j_ant_pan,j_ant_tilt,0.248036120421,1.68362948025,-2.51709799815,0.834400217351,1.54276902772,-8.83380150044e-05,0.0,0.0
1552596325258506273,182,1552596325257374048,,j_shou_yaw,j_shou_pitch,j_prox_pitch,j_dist_pitch,j_hand_yaw,j_scoop_yaw,j_ant_pan,j_ant_tilt,0.248035515636,1.68362898642,-2.51709698269,0.834399361053,1.51528747225,-8.77059928714e-05,0.0,0.0
1552596325358065445,183,1552596325357534885,,j_shou_yaw,j_shou_pitch,j_prox_pitch,j_dist_pitch,j_hand_yaw,j_scoop_yaw,j_ant_pan,j_ant_tilt,0.248034903742,1.68362848679,-2.51709595531,0.834398494692,1.48748293207,-8.70665427204e-05,0.0,0.0
1552596325459063855,184,1552596325457736015,,j_shou_yaw,j_shou_pitch,j_prox_pitch,j_dist_pitch,j_hand_yaw,j_scoop_yaw,j_ant_pan,j_ant_tilt,0.248034294829,1.68362798959,-2.51709493292,0.834397632549,1.45981381353,-8.64302070031e-05,0.0,0.0
1552596325558341485,185,1552596325557579040,,j_shou_yaw,j_shou_pitch,j_prox_pitch,j_dist_pitch,j_hand_yaw,j_scoop_yaw,j_ant_pan,j_ant_tilt,0.24803368524,1.68362749184,-2.5170939094,0.83439676945,1.43211397858,-8.5793164868e-05,0.0,0.0
1552596325658398252,186,1552596325657927036,,j_shou_yaw,j_shou_pitch,j_prox_pitch,j_dist_pitch,j_hand_yaw,j_scoop_yaw,j_ant_pan,j_ant_tilt,0.248032790152,1.68362676097,-2.51709240652,0.834395502122,1.39144105383,-8.48577669905e-05,0.0,0.0
1552596325758911620,187,1552596325758081912,,j_shou_yaw,j_shou_pitch,j_prox_pitch,j_dist_pitch,j_hand_yaw,j_scoop_yaw,j_ant_pan,j_ant_tilt,0.248031305365,1.68362554859,-2.51708991352,0.834393399857,1.32397209406,-8.33061126123e-05,0.0,0.0
1552596325857737296,188,1552596325857053995,,j_shou_yaw,j_shou_pitch,j_prox_pitch,j_dist_pitch,j_hand_yaw,j_scoop_yaw,j_ant_pan,j_ant_tilt,0.248029828555,1.68362434273,-2.51708743391,0.834391308886,1.25686560199,-8.17627942835e-05,0.0,0.0
1552596325958306331,189,1552596325957834959,,j_shou_yaw,j_shou_pitch,j_prox_pitch,j_dist_pitch,j_hand_yaw,j_scoop_yaw,j_ant_pan,j_ant_tilt,0.248027938483,1.68362279942,-2.51708426042,0.834388632789,1.17098042253,-7.97876028e-05,0.0,0.0
1552596326057857481,190,1552596326057372093,,j_shou_yaw,j_shou_pitch,j_prox_pitch,j_dist_pitch,j_hand_yaw,j_scoop_yaw,j_ant_pan,j_ant_tilt,0.248025990454,1.68362120879,-2.51708098962,0.834385874634,1.08246168191,-7.77518445505e-05,0.0,0.0
1552596326157934524,191,1552596326157474994,,j_shou_yaw,j_shou_pitch,j_prox_pitch,j_dist_pitch,j_hand_yaw,j_scoop_yaw,j_ant_pan,j_ant_tilt,0.248023792829,1.68361941435,-2.51707729974,0.834382763082,0.982601253518,-7.54552496207e-05,0.0,0.0
1552596326258725361,192,1552596326257905960,,j_shou_yaw,j_shou_pitch,j_prox_pitch,j_dist_pitch,j_hand_yaw,j_scoop_yaw,j_ant_pan,j_ant_tilt,0.248021586991,1.68361761321,-2.51707359606,0.834379639902,0.882367602509,-7.31500712991e-05,0.0,0.0
1552596326358572059,193,1552596326357903003,,j_shou_yaw,j_shou_pitch,j_prox_pitch,j_dist_pitch,j_hand_yaw,j_scoop_yaw,j_ant_pan,j_ant_tilt,0.248019393448,1.6836158221,-2.51706991304,0.834376534131,0.782692678754,-7.08577426139e-05,0.0,0.0
1552596326458274470,194,1552596326457314968,,j_shou_yaw,j_shou_pitch,j_prox_pitch,j_dist_pitch,j_hand_yaw,j_scoop_yaw,j_ant_pan,j_ant_tilt,0.248017174559,1.6836140103,-2.51706618745,0.834373392472,0.681866003002,-6.85389258808e-05,0.0,0.0
1552596326559322405,195,1552596326558084011,,j_shou_yaw,j_shou_pitch,j_prox_pitch,j_dist_pitch,j_hand_yaw,j_scoop_yaw,j_ant_pan,j_ant_tilt,0.248014971264,1.68361221124,-2.51706248805,0.834370272893,0.581747930952,-6.62364056497e-05,0.0,0.0
1552596326658623134,196,1552596326657932043,,j_shou_yaw,j_shou_pitch,j_prox_pitch,j_dist_pitch,j_hand_yaw,j_scoop_yaw,j_ant_pan,j_ant_tilt,0.248012790822,1.68361043083,-2.51705882702,0.834367185669,0.482668266565,-6.39577667679e-05,0.0,0.0
1552596326758927709,197,1552596326758042097,,j_shou_yaw,j_shou_pitch,j_prox_pitch,j_dist_pitch,j_hand_yaw,j_scoop_yaw,j_ant_pan,j_ant_tilt,0.248010850241,1.68360884628,-2.51705556872,0.834364438059,0.394487970195,-6.19297920755e-05,0.0,0.0
1552596326858102703,198,1552596326857412099,,j_shou_yaw,j_shou_pitch,j_prox_pitch,j_dist_pitch,j_hand_yaw,j_scoop_yaw,j_ant_pan,j_ant_tilt,0.248008981976,1.68360732078,-2.51705243185,0.83436179284,0.309593728179,-5.99773902189e-05,0.0,0.0
1552596326958171698,199,1552596326957520961,,j_shou_yaw,j_shou_pitch,j_prox_pitch,j_dist_pitch,j_hand_yaw,j_scoop_yaw,j_ant_pan,j_ant_tilt,0.248007508925,1.68360611798,-2.51704995855,0.83435970719,0.242658041142,-5.84380000726e-05,0.0,0.0
1552596327057902656,200,1552596327057130098,,j_shou_yaw,j_shou_pitch,j_prox_pitch,j_dist_pitch,j_hand_yaw,j_scoop_yaw,j_ant_pan,j_ant_tilt,0.248006031137,1.68360491131,-2.5170474773,0.834357614834,0.175507113453,-5.68936598114e-05,0.0,0.0
1552596327158457730,201,1552596327157860040,,j_shou_yaw,j_shou_pitch,j_prox_pitch,j_dist_pitch,j_hand_yaw,j_scoop_yaw,j_ant_pan,j_ant_tilt,0.248005184451,1.68360421997,-2.51704605569,0.834356416037,0.13703356992,-5.60088434088e-05,0.0,0.0
1552596327258142089,202,1552596327257682085,,j_shou_yaw,j_shou_pitch,j_prox_pitch,j_dist_pitch,j_hand_yaw,j_scoop_yaw,j_ant_pan,j_ant_tilt,0.24800457138,1.68360371937,-2.51704502632,0.834355548008,0.109175517206,-5.53681625741e-05,0.0,0.0
1552596327358293070,203,1552596327357589960,,j_shou_yaw,j_shou_pitch,j_prox_pitch,j_dist_pitch,j_hand_yaw,j_scoop_yaw,j_ant_pan,j_ant_tilt,0.248003964459,1.6836032238,-2.51704400728,0.834354688687,0.0815969181134,-5.47339086272e-05,0.0,0.0
1552596327457702246,204,1552596327457078933,,j_shou_yaw,j_shou_pitch,j_prox_pitch,j_dist_pitch,j_hand_yaw,j_scoop_yaw,j_ant_pan,j_ant_tilt,0.248003355666,1.6836027267,-2.5170429851,0.834353826715,0.0539332677502,-5.40976986671e-05,0.0,0.0
1552596327558553054,205,1552596327557871103,,j_shou_yaw,j_shou_pitch,j_prox_pitch,j_dist_pitch,j_hand_yaw,j_scoop_yaw,j_ant_pan,j_ant_tilt,0.248002739498,1.68360222358,-2.51704195053,0.834352954301,0.0259344866503,-5.34537813541e-05,0.0,0.0
1552596327657824628,206,1552596327657078027,,j_shou_yaw,j_shou_pitch,j_prox_pitch,j_dist_pitch,j_hand_yaw,j_scoop_yaw,j_ant_pan,j_ant_tilt,0.24800217029,1.6836017588,-2.51704099482,0.834352148377,6.95996789262e-05,-5.28589394409e-05,0.0,0.0
1552596327758780329,207,1552596327757924079,,j_shou_yaw,j_shou_pitch,j_prox_pitch,j_dist_pitch,j_hand_yaw,j_scoop_yaw,j_ant_pan,j_ant_tilt,0.24800217029,1.6836017588,-2.51704099482,0.834352148377,6.95996789262e-05,-5.28589394409e-05,0.0,0.0
1552596327858517578,208,1552596327857482910,,j_shou_yaw,j_shou_pitch,j_prox_pitch,j_dist_pitch,j_hand_yaw,j_scoop_yaw,j_ant_pan,j_ant_tilt,0.24800217029,1.6836017588,-2.51704099482,0.834352148377,6.95996789262e-05,-5.28589394409e-05,0.0,0.0
1552596327958984187,209,1552596327957886934,,j_shou_yaw,j_shou_pitch,j_prox_pitch,j_dist_pitch,j_hand_yaw,j_scoop_yaw,j_ant_pan,j_ant_tilt,0.24800217029,1.6836017588,-2.51704099482,0.834352148377,6.95996789262e-05,-5.28589394409e-05,0.0,0.0
1552596328057626557,210,1552596328057147026,,j_shou_yaw,j_shou_pitch,j_prox_pitch,j_dist_pitch,j_hand_yaw,j_scoop_yaw,j_ant_pan,j_ant_tilt,0.24800217029,1.6836017588,-2.51704099482,0.834352148377,6.95996789262e-05,-5.28589394409e-05,0.0,0.0
1552596328157850827,211,1552596328157325983,,j_shou_yaw,j_shou_pitch,j_prox_pitch,j_dist_pitch,j_hand_yaw,j_scoop_yaw,j_ant_pan,j_ant_tilt,0.24800217029,1.6836017588,-2.51704099482,0.834352148377,6.95996789262e-05,-5.28589394409e-05,0.0,0.0
1552596328257889963,212,1552596328257469892,,j_shou_yaw,j_shou_pitch,j_prox_pitch,j_dist_pitch,j_hand_yaw,j_scoop_yaw,j_ant_pan,j_ant_tilt,0.24800217029,1.6836017588,-2.51704099482,0.834352148377,6.95996789262e-05,-5.28589394409e-05,0.0,0.0
1552596328358752711,213,1552596328357598066,,j_shou_yaw,j_shou_pitch,j_prox_pitch,j_dist_pitch,j_hand_yaw,j_scoop_yaw,j_ant_pan,j_ant_tilt,0.24800217029,1.6836017588,-2.51704099482,0.834352148377,6.95996789262e-05,-5.28589394409e-05,0.0,0.0
1552596328457933809,214,1552596328457250118,,j_shou_yaw,j_shou_pitch,j_prox_pitch,j_dist_pitch,j_hand_yaw,j_scoop_yaw,j_ant_pan,j_ant_tilt,0.24800217055,1.68360175891,-2.51704099439,0.834352148606,6.25574139e-05,-5.28585383173e-05,0.0,0.0
1552596328558213977,215,1552596328557523965,,j_shou_yaw,j_shou_pitch,j_prox_pitch,j_dist_pitch,j_hand_yaw,j_scoop_yaw,j_ant_pan,j_ant_tilt,0.248003482155,1.68360233075,-2.51703885163,0.834353303826,-0.0353887288187,-5.08392520087e-05,0.0,0.0
1552596328657728309,216,1552596328657056093,,j_shou_yaw,j_shou_pitch,j_prox_pitch,j_dist_pitch,j_hand_yaw,j_scoop_yaw,j_ant_pan,j_ant_tilt,0.248004222392,1.68360265347,-2.51703764231,0.834353955803,-0.0553965693963,-4.96996161073e-05,0.0,0.0
1552596328758203852,217,1552596328757205009,,j_shou_yaw,j_shou_pitch,j_prox_pitch,j_dist_pitch,j_hand_yaw,j_scoop_yaw,j_ant_pan,j_ant_tilt,0.248005248259,1.68360310073,-2.51703596635,0.834354859354,-0.0831246722993,-4.81202381917e-05,0.0,0.0
1552596328858453035,218,1552596328857952117,,j_shou_yaw,j_shou_pitch,j_prox_pitch,j_dist_pitch,j_hand_yaw,j_scoop_yaw,j_ant_pan,j_ant_tilt,0.24800628163,1.68360355126,-2.51703427814,0.834355769515,-0.111055610884,-4.65293068642e-05,0.0,0.0
1552596328958055267,219,1552596328957103013,,j_shou_yaw,j_shou_pitch,j_prox_pitch,j_dist_pitch,j_hand_yaw,j_scoop_yaw,j_ant_pan,j_ant_tilt,0.248007297172,1.68360399402,-2.51703261905,0.834356663972,-0.13850464004,-4.49658248401e-05,0.0,0.0
1552596329058668292,220,1552596329058028936,,j_shou_yaw,j_shou_pitch,j_prox_pitch,j_dist_pitch,j_hand_yaw,j_scoop_yaw,j_ant_pan,j_ant_tilt,0.248008809458,1.68360465334,-2.51703014844,0.834357995946,-0.179380162163,-4.26375769555e-05,0.0,0.0
1552596329157529276,221,1552596329157078981,,j_shou_yaw,j_shou_pitch,j_prox_pitch,j_dist_pitch,j_hand_yaw,j_scoop_yaw,j_ant_pan,j_ant_tilt,0.248011288975,1.68360573436,-2.51702609767,0.834360179826,-0.246398899943,-3.88202254854e-05,0.0,0.0
1552596329258488253,222,1552596329257327079,,j_shou_yaw,j_shou_pitch,j_prox_pitch,j_dist_pitch,j_hand_yaw,j_scoop_yaw,j_ant_pan,j_ant_tilt,0.248013776743,1.68360681898,-2.51702203341,0.834362370974,-0.313640666865,-3.49901703947e-05,0.0,0.0
1552596329358705648,223,1552596329358139991,,j_shou_yaw,j_shou_pitch,j_prox_pitch,j_dist_pitch,j_hand_yaw,j_scoop_yaw,j_ant_pan,j_ant_tilt,0.248016967472,1.68360821007,-2.51701682073,0.834365181268,-0.39988274144,-3.00778679392e-05,0.0,0.0
1552596329463428084,224,1552596329462338924,,j_shou_yaw,j_shou_pitch,j_prox_pitch,j_dist_pitch,j_hand_yaw,j_scoop_yaw,j_ant_pan,j_ant_tilt,0.248020236006,1.68360963509,-2.51701148095,0.834368060089,-0.488227775785,-2.50457820196e-05,0.0,0.0
1552596329558304559,225,1552596329557648897,,j_shou_yaw,j_shou_pitch,j_prox_pitch,j_dist_pitch,j_hand_yaw,j_scoop_yaw,j_ant_pan,j_ant_tilt,0.24802399928,1.6836112758,-2.5170053329,0.834371374662,-0.589945142465,-1.92520152003e-05,0.0,0.0
1552596329659196677,226,1552596329658448934,,j_shou_yaw,j_shou_pitch,j_prox_pitch,j_dist_pitch,j_hand_yaw,j_scoop_yaw,j_ant_pan,j_ant_tilt,0.248027639608,1.68361286291,-2.51699938572,0.834374580947,-0.688339381538,-1.36475319526e-05,0.0,0.0
1552596329758236803,227,1552596329757714986,,j_shou_yaw,j_shou_pitch,j_prox_pitch,j_dist_pitch,j_hand_yaw,j_scoop_yaw,j_ant_pan,j_ant_tilt,0.248031349018,1.68361448013,-2.51699332567,0.834377848078,-0.78860084184,-7.93669278202e-06,0.0,0.0
1552596329858678818,228,1552596329857917070,,j_shou_yaw,j_shou_pitch,j_prox_pitch,j_dist_pitch,j_hand_yaw,j_scoop_yaw,j_ant_pan,j_ant_tilt,0.248035046363,1.6836160921,-2.51698728534,0.834381104583,-0.888536200526,-2.24442818519e-06,0.0,0.0
1552596329958221594,229,1552596329957264900,,j_shou_yaw,j_shou_pitch,j_prox_pitch,j_dist_pitch,j_hand_yaw,j_scoop_yaw,j_ant_pan,j_ant_tilt,0.248038727066,1.68361769681,-2.51698127219,0.83438434643,-0.988021747503,3.42221537723e-06,0.0,0.0
1552596330058395863,230,1552596330057667016,,j_shou_yaw,j_shou_pitch,j_prox_pitch,j_dist_pitch,j_hand_yaw,j_scoop_yaw,j_ant_pan,j_ant_tilt,0.248042437064,1.6836193143,-2.51697521119,0.834387614079,-1.08829911283,9.13396048925e-06,0.0,0.0
1552596330157719788,231,1552596330157216072,,j_shou_yaw,j_shou_pitch,j_prox_pitch,j_dist_pitch,j_hand_yaw,j_scoop_yaw,j_ant_pan,j_ant_tilt,0.248045683931,1.68362072986,-2.5169699068,0.834390473817,-1.1760585273,1.41326898141e-05,0.0,0.0
1552596330258700271,232,1552596330258064985,,j_shou_yaw,j_shou_pitch,j_prox_pitch,j_dist_pitch,j_hand_yaw,j_scoop_yaw,j_ant_pan,j_ant_tilt,0.248048822757,1.68362209833,-2.51696477891,0.834393238396,-1.26089771216,1.89650844213e-05,0.0,0.0
1552596330357709867,233,1552596330357125997,,j_shou_yaw,j_shou_pitch,j_prox_pitch,j_dist_pitch,j_hand_yaw,j_scoop_yaw,j_ant_pan,j_ant_tilt,0.248051317402,1.68362318594,-2.51696070342,0.8343954356,-1.32832533596,2.28057258207e-05,0.0,0.0
1552596330457469039,234,1552596330456948041,,j_shou_yaw,j_shou_pitch,j_prox_pitch,j_dist_pitch,j_hand_yaw,j_scoop_yaw,j_ant_pan,j_ant_tilt,0.248053788191,1.68362426316,-2.51695666691,0.834397611793,-1.39510818283,2.66096410705e-05,0.0,0.0
1552596330557894016,235,1552596330557373046,,j_shou_yaw,j_shou_pitch,j_prox_pitch,j_dist_pitch,j_hand_yaw,j_scoop_yaw,j_ant_pan,j_ant_tilt,0.248055215962,1.68362488564,-2.51695433437,0.834398869329,-1.43369932787,2.88077720582e-05,0.0,0.0
1552596330657990746,236,1552596330657426118,,j_shou_yaw,j_shou_pitch,j_prox_pitch,j_dist_pitch,j_hand_yaw,j_scoop_yaw,j_ant_pan,j_ant_tilt,0.248056242238,1.68362533307,-2.51695265774,0.83439977324,-1.46143849186,3.03877800071e-05,0.0,0.0
1552596330758327049,237,1552596330757699966,,j_shou_yaw,j_shou_pitch,j_prox_pitch,j_dist_pitch,j_hand_yaw,j_scoop_yaw,j_ant_pan,j_ant_tilt,0.248057270085,1.68362578119,-2.51695097855,0.834400678536,-1.48922012412,3.1970206926e-05,0.0,0.0
1552596330858453665,238,1552596330857552051,,j_shou_yaw,j_shou_pitch,j_prox_pitch,j_dist_pitch,j_hand_yaw,j_scoop_yaw,j_ant_pan,j_ant_tilt,0.248058293079,1.6836262272,-2.51694930729,0.834401579556,-1.51687058044,3.35451621338e-05,0.0,0.0
1552596330957800215,239,1552596330957055091,,j_shou_yaw,j_shou_pitch,j_prox_pitch,j_dist_pitch,j_hand_yaw,j_scoop_yaw,j_ant_pan,j_ant_tilt,0.248059315893,1.68362667312,-2.51694763633,0.834402480419,-1.54451617867,3.51198406274e-05,0.0,0.0
1552596331057943457,240,1552596331057519912,,j_shou_yaw,j_shou_pitch,j_prox_pitch,j_dist_pitch,j_hand_yaw,j_scoop_yaw,j_ant_pan,j_ant_tilt,0.248060287417,1.68362709669,-2.51694604915,0.834403336107,-1.57077545538,3.66155549884e-05,0.0,0.0
1552596331157566163,241,1552596331157149076,,j_shou_yaw,j_shou_pitch,j_prox_pitch,j_dist_pitch,j_hand_yaw,j_scoop_yaw,j_ant_pan,j_ant_tilt,0.248060287417,1.68362709669,-2.51694604915,0.834403336107,-1.57077545538,3.66155549884e-05,0.0,0.0
1552596331257949635,242,1552596331257478952,,j_shou_yaw,j_shou_pitch,j_prox_pitch,j_dist_pitch,j_hand_yaw,j_scoop_yaw,j_ant_pan,j_ant_tilt,0.248060287417,1.68362709669,-2.51694604915,0.834403336107,-1.57077545538,3.66155549884e-05,0.0,0.0
1552596331357812041,243,1552596331357235908,,j_shou_yaw,j_shou_pitch,j_prox_pitch,j_dist_pitch,j_hand_yaw,j_scoop_yaw,j_ant_pan,j_ant_tilt,0.248060287417,1.68362709669,-2.51694604915,0.834403336107,-1.57077545538,3.66155549884e-05,0.0,0.0
1552596331458170714,244,1552596331457657098,,j_shou_yaw,j_shou_pitch,j_prox_pitch,j_dist_pitch,j_hand_yaw,j_scoop_yaw,j_ant_pan,j_ant_tilt,0.248060287417,1.68362709669,-2.51694604915,0.834403336107,-1.57077545538,3.66155549884e-05,0.0,0.0
1552596331558460238,245,1552596331557862997,,j_shou_yaw,j_shou_pitch,j_prox_pitch,j_dist_pitch,j_hand_yaw,j_scoop_yaw,j_ant_pan,j_ant_tilt,0.248060287417,1.68362709669,-2.51694604915,0.834403336107,-1.57077545538,3.66155549884e-05,0.0,0.0
1552596331659264947,246,1552596331657851934,,j_shou_yaw,j_shou_pitch,j_prox_pitch,j_dist_pitch,j_hand_yaw,j_scoop_yaw,j_ant_pan,j_ant_tilt,0.248060287417,1.68362709669,-2.51694604915,0.834403336107,-1.57077545538,3.66155549884e-05,0.0,0.0
1552596331757736856,247,1552596331757241964,,j_shou_yaw,j_shou_pitch,j_prox_pitch,j_dist_pitch,j_hand_yaw,j_scoop_yaw,j_ant_pan,j_ant_tilt,0.248060287417,1.68362709669,-2.51694604915,0.834403336107,-1.57077545538,3.66155549884e-05,0.0,0.0
1552596331860097251,248,1552596331858107089,,j_shou_yaw,j_shou_pitch,j_prox_pitch,j_dist_pitch,j_hand_yaw,j_scoop_yaw,j_ant_pan,j_ant_tilt,0.24806111574,1.6836266194,-2.5169420484,0.834399808102,-1.57077545516,3.66149941878e-05,0.0,0.0
1552596331958671420,249,1552596331957638978,,j_shou_yaw,j_shou_pitch,j_prox_pitch,j_dist_pitch,j_hand_yaw,j_scoop_yaw,j_ant_pan,j_ant_tilt,0.252005775462,1.68135367034,-2.49788956749,0.817598663337,-1.57077440781,3.39443368689e-05,0.0,0.0
1552596332058535987,250,1552596332057619094,,j_shou_yaw,j_shou_pitch,j_prox_pitch,j_dist_pitch,j_hand_yaw,j_scoop_yaw,j_ant_pan,j_ant_tilt,0.255964009882,1.67907289941,-2.47877152156,0.800739701049,-1.57077335685,3.12644890578e-05,0.0,0.0
1552596332158691761,251,1552596332158066987,,j_shou_yaw,j_shou_pitch,j_prox_pitch,j_dist_pitch,j_hand_yaw,j_scoop_yaw,j_ant_pan,j_ant_tilt,0.259889907139,1.67681076146,-2.45980966228,0.784018469613,-1.57077231449,2.8606534511e-05,0.0,0.0
1552596332257830642,252,1552596332257153987,,j_shou_yaw,j_shou_pitch,j_prox_pitch,j_dist_pitch,j_hand_yaw,j_scoop_yaw,j_ant_pan,j_ant_tilt,0.264797903055,1.67398272926,-2.43610432263,0.763114271102,-1.57077101136,2.52836686272e-05,0.0,0.0
1552596332357921908,253,1552596332357326984,,j_shou_yaw,j_shou_pitch,j_prox_pitch,j_dist_pitch,j_hand_yaw,j_scoop_yaw,j_ant_pan,j_ant_tilt,0.274377565429,1.66846284006,-2.3898351011,0.72231245151,-1.57076846785,1.87979392532e-05,0.0,0.0
1552596332458424758,254,1552596332457782983,,j_shou_yaw,j_shou_pitch,j_prox_pitch,j_dist_pitch,j_hand_yaw,j_scoop_yaw,j_ant_pan,j_ant_tilt,0.285701195606,1.66193806064,-2.33514261479,0.67408270211,-1.57076546131,1.11314894353e-05,0.0,0.0
1552596332557739721,255,1552596332557269096,,j_shou_yaw,j_shou_pitch,j_prox_pitch,j_dist_pitch,j_hand_yaw,j_scoop_yaw,j_ant_pan,j_ant_tilt,0.298997431375,1.65427664781,-2.27092255627,0.617451205935,-1.57076193101,2.12952427995e-06,0.0,0.0
1552596332658172623,256,1552596332657700061,,j_shou_yaw,j_shou_pitch,j_prox_pitch,j_dist_pitch,j_hand_yaw,j_scoop_yaw,j_ant_pan,j_ant_tilt,0.314411277705,1.64539504839,-2.19647455981,0.551800355975,-1.57075783847,-8.30612908733e-06,0.0,0.0
1552596332757765306,257,1552596332757169008,,j_shou_yaw,j_shou_pitch,j_prox_pitch,j_dist_pitch,j_hand_yaw,j_scoop_yaw,j_ant_pan,j_ant_tilt,0.331781075026,1.63538641208,-2.1125794319,0.477818694719,-1.5707532266,-2.00660221103e-05,0.0,0.0
1552596332858276654,258,1552596332857759952,,j_shou_yaw,j_shou_pitch,j_prox_pitch,j_dist_pitch,j_hand_yaw,j_scoop_yaw,j_ant_pan,j_ant_tilt,0.350616004599,1.62453355316,-2.02160779899,0.397596723583,-1.57074822572,-3.28178552354e-05,0.0,0.0
1552596332957639860,259,1552596332957181930,,j_shou_yaw,j_shou_pitch,j_prox_pitch,j_dist_pitch,j_hand_yaw,j_scoop_yaw,j_ant_pan,j_ant_tilt,0.368600166803,1.61417091418,-1.93474532383,0.32099835162,-1.57074345072,-4.49936923918e-05,0.0,0.0
1552596333058597843,260,1552596333058047056,,j_shou_yaw,j_shou_pitch,j_prox_pitch,j_dist_pitch,j_hand_yaw,j_scoop_yaw,j_ant_pan,j_ant_tilt,0.384576826362,1.60496501662,-1.85757897165,0.252950360409,-1.57073920875,-5.581038782e-05,0.0,0.0
1552596333158262788,261,1552596333157759904,,j_shou_yaw,j_shou_pitch,j_prox_pitch,j_dist_pitch,j_hand_yaw,j_scoop_yaw,j_ant_pan,j_ant_tilt,0.398838033784,1.59674757828,-1.78869815522,0.192208844716,-1.57073542224,-6.54656687975e-05,0.0,0.0
1552596333257810641,262,1552596333257365942,,j_shou_yaw,j_shou_pitch,j_prox_pitch,j_dist_pitch,j_hand_yaw,j_scoop_yaw,j_ant_pan,j_ant_tilt,0.411168600306,1.58964259292,-1.72914222394,0.139690339252,-1.57073214834,-7.38138458389e-05,0.0,0.0
1552596333358680649,263,1552596333358102083,,j_shou_yaw,j_shou_pitch,j_prox_pitch,j_dist_pitch,j_hand_yaw,j_scoop_yaw,j_ant_pan,j_ant_tilt,0.421274091905,1.58381971611,-1.68033327732,0.0966489011511,-1.57072946522,-8.06555779524e-05,0.0,0.0
1552596333458713196,264,1552596333458267927,,j_shou_yaw,j_shou_pitch,j_prox_pitch,j_dist_pitch,j_hand_yaw,j_scoop_yaw,j_ant_pan,j_ant_tilt,0.42962907363,1.57900549911,-1.6399791933,0.0610632569265,-1.57072724688,-8.63121604369e-05,0.0,0.0
1552596333557912634,265,1552596333557493925,,j_shou_yaw,j_shou_pitch,j_prox_pitch,j_dist_pitch,j_hand_yaw,j_scoop_yaw,j_ant_pan,j_ant_tilt,0.433569760865,1.57673483904,-1.62094589927,0.0442790318277,-1.57072620059,-8.89801282588e-05,0.0,0.0
1552596333657603877,266,1552596333657145977,,j_shou_yaw,j_shou_pitch,j_prox_pitch,j_dist_pitch,j_hand_yaw,j_scoop_yaw,j_ant_pan,j_ant_tilt,0.437521340196,1.57445790284,-1.60185999704,0.0274484149776,-1.5707251514,-9.1655470368e-05,0.0,0.0
1552596333759288001,267,1552596333758661985,,j_shou_yaw,j_shou_pitch,j_prox_pitch,j_dist_pitch,j_hand_yaw,j_scoop_yaw,j_ant_pan,j_ant_tilt,0.44144553069,1.57219674833,-1.58290638133,0.0107344530077,-1.57072410949,-9.4312269383e-05,0.0,0.0
1552596333858292117,268,1552596333857810974,,j_shou_yaw,j_shou_pitch,j_prox_pitch,j_dist_pitch,j_hand_yaw,j_scoop_yaw,j_ant_pan,j_ant_tilt,0.443969327119,1.57074251371,-1.57071658888,-1.49327795021e-05,-1.57072343939,-9.60209580604e-05,0.0,0.0
1552596333957981718,269,1552596333957422971,,j_shou_yaw,j_shou_pitch,j_prox_pitch,j_dist_pitch,j_hand_yaw,j_scoop_yaw,j_ant_pan,j_ant_tilt,0.443969327119,1.57074251371,-1.57071658888,-1.49327795021e-05,-1.57072343939,-9.60209580604e-05,0.0,0.0
1552596334058288418,270,1552596334057682037,,j_shou_yaw,j_shou_pitch,j_prox_pitch,j_dist_pitch,j_hand_yaw,j_scoop_yaw,j_ant_pan,j_ant_tilt,0.443969327119,1.57074251371,-1.57071658888,-1.49327795021e-05,-1.57072343939,-9.60209580604e-05,0.0,0.0
1552596334158444857,271,1552596334157994031,,j_shou_yaw,j_shou_pitch,j_prox_pitch,j_dist_pitch,j_hand_yaw,j_scoop_yaw,j_ant_pan,j_ant_tilt,0.443969327119,1.57074251371,-1.57071658888,-1.49327795021e-05,-1.57072343939,-9.60209580604e-05,0.0,0.0
1552596334257691059,272,1552596334257296085,,j_shou_yaw,j_shou_pitch,j_prox_pitch,j_dist_pitch,j_hand_yaw,j_scoop_yaw,j_ant_pan,j_ant_tilt,0.443969327119,1.57074251371,-1.57071658888,-1.49327795021e-05,-1.57072343939,-9.60209580604e-05,0.0,0.0
1552596334358346313,273,1552596334357856035,,j_shou_yaw,j_shou_pitch,j_prox_pitch,j_dist_pitch,j_hand_yaw,j_scoop_yaw,j_ant_pan,j_ant_tilt,0.443969327119,1.57074251371,-1.57071658888,-1.49327795021e-05,-1.57072343939,-9.60209580604e-05,0.0,0.0
1552596334457823425,274,1552596334457293033,,j_shou_yaw,j_shou_pitch,j_prox_pitch,j_dist_pitch,j_hand_yaw,j_scoop_yaw,j_ant_pan,j_ant_tilt,0.443969327119,1.57074251371,-1.57071658888,-1.49327795021e-05,-1.57072343939,-9.60209580604e-05,0.0,0.0
1552596334557762915,275,1552596334557312011,,j_shou_yaw,j_shou_pitch,j_prox_pitch,j_dist_pitch,j_hand_yaw,j_scoop_yaw,j_ant_pan,j_ant_tilt,0.443969326074,1.57074251454,-1.5706799269,-1.49316619886e-05,-1.57072343933,-5.99397196238e-05,0.0,0.0
1552596334658183191,276,1552596334657685995,,j_shou_yaw,j_shou_pitch,j_prox_pitch,j_dist_pitch,j_hand_yaw,j_scoop_yaw,j_ant_pan,j_ant_tilt,0.443968740317,1.57074297679,-1.55012836504,-1.43052188381e-05,-1.57072340327,0.0201660744101,0.0,0.0
1552596334757826930,277,1552596334757462978,,j_shou_yaw,j_shou_pitch,j_prox_pitch,j_dist_pitch,j_hand_yaw,j_scoop_yaw,j_ant_pan,j_ant_tilt,0.443968157673,1.57074343658,-1.52968600783,-1.36821044129e-05,-1.5707233674,0.040284613753,0.0,0.0
1552596334859087747,278,1552596334856946945,,j_shou_yaw,j_shou_pitch,j_prox_pitch,j_dist_pitch,j_hand_yaw,j_scoop_yaw,j_ant_pan,j_ant_tilt,0.443967569962,1.57074390037,-1.50906586897,-1.30535709303e-05,-1.57072333122,0.0605781185848,0.0,0.0
1552596334957927959,279,1552596334957133054,,j_shou_yaw,j_shou_pitch,j_prox_pitch,j_dist_pitch,j_hand_yaw,j_scoop_yaw,j_ant_pan,j_ant_tilt,0.443966992393,1.57074435616,-1.48880158174,-1.24358843514e-05,-1.57072329567,0.0805214086725,0.0,0.0
1552596335057843616,280,1552596335057126998,,j_shou_yaw,j_shou_pitch,j_prox_pitch,j_dist_pitch,j_hand_yaw,j_scoop_yaw,j_ant_pan,j_ant_tilt,0.443965694205,1.57074538062,-1.44325403536,-1.1047525226e-05,-1.57072321576,0.125347457562,0.0,0.0
1552596335158220811,281,1552596335157532930,,j_shou_yaw,j_shou_pitch,j_prox_pitch,j_dist_pitch,j_hand_yaw,j_scoop_yaw,j_ant_pan,j_ant_tilt,0.443964235278,1.57074653193,-1.39206686402,-9.48726167554e-06,-1.57072312595,0.175723796731,0.0,0.0
1552596335257701360,282,1552596335257086992,,j_shou_yaw,j_shou_pitch,j_prox_pitch,j_dist_pitch,j_hand_yaw,j_scoop_yaw,j_ant_pan,j_ant_tilt,0.443962433846,1.57074795352,-1.32886274863,-7.56070322492e-06,-1.57072301506,0.237926725147,0.0,0.0
1552596335358156062,283,1552596335357547998,,j_shou_yaw,j_shou_pitch,j_prox_pitch,j_dist_pitch,j_hand_yaw,j_scoop_yaw,j_ant_pan,j_ant_tilt,0.443960360157,1.57074958997,-1.25610636468,-5.34297696697e-06,-1.57072288741,0.30953060907,0.0,0.0
1552596335458712797,284,1552596335457778930,,j_shou_yaw,j_shou_pitch,j_prox_pitch,j_dist_pitch,j_hand_yaw,j_scoop_yaw,j_ant_pan,j_ant_tilt,0.443958016855,1.57075143918,-1.17389046179,-2.83691005208e-06,-1.57072274317,0.390444168097,0.0,0.0
1552596335558482457,285,1552596335557845115,,j_shou_yaw,j_shou_pitch,j_prox_pitch,j_dist_pitch,j_hand_yaw,j_scoop_yaw,j_ant_pan,j_ant_tilt,0.443955429084,1.57075348131,-1.08309724166,-6.93933423539e-08,-1.57072258387,0.479799175068,0.0,0.0
1552596335657613393,286,1552596335656975030,,j_shou_yaw,j_shou_pitch,j_prox_pitch,j_dist_pitch,j_hand_yaw,j_scoop_yaw,j_ant_pan,j_ant_tilt,0.443952622078,1.57075569645,-0.984612083799,2.93258543616e-06,-1.57072241108,0.576724275371,0.0,0.0
1552596335757979584,287,1552596335757395029,,j_shou_yaw,j_shou_pitch,j_prox_pitch,j_dist_pitch,j_hand_yaw,j_scoop_yaw,j_ant_pan,j_ant_tilt,0.443949776167,1.5707579423,-0.884761927126,5.97617147354e-06,-1.5707222359,0.674992752173,0.0,0.0
1552596335858143871,288,1552596335857566118,,j_shou_yaw,j_shou_pitch,j_prox_pitch,j_dist_pitch,j_hand_yaw,j_scoop_yaw,j_ant_pan,j_ant_tilt,0.443946931889,1.57076018685,-0.784969029452,9.01801216872e-06,-1.57072206081,0.773204876987,0.0,0.0
1552596335958974244,289,1552596335957925081,,j_shou_yaw,j_shou_pitch,j_prox_pitch,j_dist_pitch,j_hand_yaw,j_scoop_yaw,j_ant_pan,j_ant_tilt,0.443944077313,1.57076243953,-0.684814842346,1.20708655204e-05,-1.5707218851,0.871772568217,0.0,0.0
1552596336058969252,290,1552596336058326005,,j_shou_yaw,j_shou_pitch,j_prox_pitch,j_dist_pitch,j_hand_yaw,j_scoop_yaw,j_ant_pan,j_ant_tilt,0.443941218412,1.57076469563,-0.584508893109,1.51283448147e-05,-1.57072170911,0.970489617585,0.0,0.0
1552596336157736065,291,1552596336157299995,,j_shou_yaw,j_shou_pitch,j_prox_pitch,j_dist_pitch,j_hand_yaw,j_scoop_yaw,j_ant_pan,j_ant_tilt,0.44393837733,1.57076693766,-0.484828172435,1.81667661828e-05,-1.57072153422,1.06859134234,0.0,0.0
1552596336258522936,292,1552596336257662057,,j_shou_yaw,j_shou_pitch,j_prox_pitch,j_dist_pitch,j_hand_yaw,j_scoop_yaw,j_ant_pan,j_ant_tilt,0.443935503604,1.57076920545,-0.384002090765,2.1240099912e-05,-1.57072135733,1.16782028497,0.0,0.0
1552596336358328885,293,1552596336357685089,,j_shou_yaw,j_shou_pitch,j_prox_pitch,j_dist_pitch,j_hand_yaw,j_scoop_yaw,j_ant_pan,j_ant_tilt,0.443932671709,1.57077144023,-0.284643652091,2.426869763e-05,-1.570721183,1.26560483285,0.0,0.0
1552596336458056022,294,1552596336457581043,,j_shou_yaw,j_shou_pitch,j_prox_pitch,j_dist_pitch,j_hand_yaw,j_scoop_yaw,j_ant_pan,j_ant_tilt,0.443929828775,1.57077368373,-0.184897949417,2.73090997492e-05,-1.570721008,1.36377051026,0.0,0.0
1552596336568882497,295,1552596336560889959,,j_shou_yaw,j_shou_pitch,j_prox_pitch,j_dist_pitch,j_hand_yaw,j_scoop_yaw,j_ant_pan,j_ant_tilt,0.443926973336,1.57077593709,-0.0847134752432,3.03628762971e-05,-1.57072083223,1.46236800879,0.0,0.0
1552596336658311484,296,1552596336657687902,,j_shou_yaw,j_shou_pitch,j_prox_pitch,j_dist_pitch,j_hand_yaw,j_scoop_yaw,j_ant_pan,j_ant_tilt,0.443924083498,1.5707782176,0.0166778929229,3.34534408265e-05,-1.57072065434,1.56215328347,0.0,0.0
1552596336758892002,297,1552596336758296012,,j_shou_yaw,j_shou_pitch,j_prox_pitch,j_dist_pitch,j_hand_yaw,j_scoop_yaw,j_ant_pan,j_ant_tilt,0.44392125287,1.57078045138,0.115991875598,3.64806834574e-05,-1.5707204801,1.65989407956,0.0,0.0
1552596336857769817,298,1552596336857203006,,j_shou_yaw,j_shou_pitch,j_prox_pitch,j_dist_pitch,j_hand_yaw,j_scoop_yaw,j_ant_pan,j_ant_tilt,0.443918427059,1.57078268136,0.215136823307,3.95027736431e-05,-1.57072030615,1.75746851828,0.0,0.0
1552596336957964705,299,1552596336957577943,,j_shou_yaw,j_shou_pitch,j_prox_pitch,j_dist_pitch,j_hand_yaw,j_scoop_yaw,j_ant_pan,j_ant_tilt,0.443915574282,1.57078493262,0.315227878945,4.25537026507e-05,-1.57072013054,1.85597407808,0.0,0.0
1552596337058429858,300,1552596337057811975,,j_shou_yaw,j_shou_pitch,j_prox_pitch,j_dist_pitch,j_hand_yaw,j_scoop_yaw,j_ant_pan,j_ant_tilt,0.443912715474,1.57078718864,0.415530571617,4.56110826799e-05,-1.57071995457,1.95468792247,0.0,0.0
1552596337158310823,301,1552596337157471895,,j_shou_yaw,j_shou_pitch,j_prox_pitch,j_dist_pitch,j_hand_yaw,j_scoop_yaw,j_ant_pan,j_ant_tilt,0.443909868472,1.57078943535,0.51541901929,4.86558358858e-05,-1.57071977931,2.05299408372,0.0,0.0
1552596337257666165,302,1552596337257255077,,j_shou_yaw,j_shou_pitch,j_prox_pitch,j_dist_pitch,j_hand_yaw,j_scoop_yaw,j_ant_pan,j_ant_tilt,0.443907027974,1.57079167692,0.615079274708,5.16936334414e-05,-1.57071960446,2.1510756674,0.0,0.0
1552596337358730346,303,1552596337358056068,,j_shou_yaw,j_shou_pitch,j_prox_pitch,j_dist_pitch,j_hand_yaw,j_scoop_yaw,j_ant_pan,j_ant_tilt,0.44390417155,1.57079393106,0.715298320636,5.47484637895e-05,-1.57071942863,2.24970719005,0.0,0.0
1552596337458517954,304,1552596337458044052,,j_shou_yaw,j_shou_pitch,j_prox_pitch,j_dist_pitch,j_hand_yaw,j_scoop_yaw,j_ant_pan,j_ant_tilt,0.443901312297,1.57079618743,0.815616580413,5.7806318328e-05,-1.57071925262,2.34843635496,0.0,0.0
1552596337558646485,305,1552596337557549953,,j_shou_yaw,j_shou_pitch,j_prox_pitch,j_dist_pitch,j_hand_yaw,j_scoop_yaw,j_ant_pan,j_ant_tilt,0.44389847338,1.57079842775,0.915221377981,6.08424254432e-05,-1.57071907787,2.44646335927,0.0,0.0
1552596337658636968,306,1552596337657628059,,j_shou_yaw,j_shou_pitch,j_prox_pitch,j_dist_pitch,j_hand_yaw,j_scoop_yaw,j_ant_pan,j_ant_tilt,0.443895609087,1.5708006881,1.01571647665,6.39056703026e-05,-1.57071890155,2.54536656185,0.0,0.0
1552596337758059149,307,1552596337757523059,,j_shou_yaw,j_shou_pitch,j_prox_pitch,j_dist_pitch,j_hand_yaw,j_scoop_yaw,j_ant_pan,j_ant_tilt,0.443892894744,1.57080283012,1.11095053504,6.68085505791e-05,-1.57071873447,2.63909206183,0.0,0.0
1552596337858225986,308,1552596337857541084,,j_shou_yaw,j_shou_pitch,j_prox_pitch,j_dist_pitch,j_hand_yaw,j_scoop_yaw,j_ant_pan,j_ant_tilt,0.443890393015,1.57080480435,1.19872490953,6.94840482399e-05,-1.57071858047,2.72547604329,0.0,0.0
1552596337959098799,309,1552596337958024024,,j_shou_yaw,j_shou_pitch,j_prox_pitch,j_dist_pitch,j_hand_yaw,j_scoop_yaw,j_ant_pan,j_ant_tilt,0.443888158497,1.57080656772,1.27712408559,7.18737754627e-05,-1.57071844292,2.80263333448,0.0,0.0
1552596338057993218,310,1552596338057543039,,j_shou_yaw,j_shou_pitch,j_prox_pitch,j_dist_pitch,j_hand_yaw,j_scoop_yaw,j_ant_pan,j_ant_tilt,0.44388616516,1.57080814075,1.34706128471,7.40055686399e-05,-1.57071832022,2.87146269097,0.0,0.0
1552596338157749229,311,1552596338157321929,,j_shou_yaw,j_shou_pitch,j_prox_pitch,j_dist_pitch,j_hand_yaw,j_scoop_yaw,j_ant_pan,j_ant_tilt,0.443884402132,1.57080953204,1.40891798085,7.58910556835e-05,-1.57071821169,2.93233954398,0.0,0.0
1552596338258534346,312,1552596338257936954,,j_shou_yaw,j_shou_pitch,j_prox_pitch,j_dist_pitch,j_hand_yaw,j_scoop_yaw,j_ant_pan,j_ant_tilt,0.443882985641,1.57081064986,1.45861626453,7.74059356527e-05,-1.5707181245,2.98125058026,0.0,0.0
1552596338358713201,313,1552596338358241081,,j_shou_yaw,j_shou_pitch,j_prox_pitch,j_dist_pitch,j_hand_yaw,j_scoop_yaw,j_ant_pan,j_ant_tilt,0.443881945474,1.57081147071,1.49511099872,7.85183511675e-05,-1.57071806047,3.01716721835,0.0,0.0
1552596338458514251,314,1552596338457988977,,j_shou_yaw,j_shou_pitch,j_prox_pitch,j_dist_pitch,j_hand_yaw,j_scoop_yaw,j_ant_pan,j_ant_tilt,0.443881362677,1.57081193062,1.51555874383,7.9141629824e-05,-1.57071802459,3.03729106024,0.0,0.0
1552596338557816645,315,1552596338557347059,,j_shou_yaw,j_shou_pitch,j_prox_pitch,j_dist_pitch,j_hand_yaw,j_scoop_yaw,j_ant_pan,j_ant_tilt,0.443880776343,1.57081239332,1.5361305615,7.97686904026e-05,-1.5707179885,3.05753700932,0.0,0.0
1552596338658342309,316,1552596338657358884,,j_shou_yaw,j_shou_pitch,j_prox_pitch,j_dist_pitch,j_hand_yaw,j_scoop_yaw,j_ant_pan,j_ant_tilt,0.443880194052,1.57081285284,1.55656051339,8.03914266948e-05,-1.57071795266,3.07764333986,0.0,0.0
1552596338758327442,317,1552596338757821083,,j_shou_yaw,j_shou_pitch,j_prox_pitch,j_dist_pitch,j_hand_yaw,j_scoop_yaw,j_ant_pan,j_ant_tilt,0.443879789099,1.5708131724,1.57076847483,8.08245071676e-05,-1.57071792773,3.09162623959,0.0,0.0
1552596338858213507,318,1552596338857412099,,j_shou_yaw,j_shou_pitch,j_prox_pitch,j_dist_pitch,j_hand_yaw,j_scoop_yaw,j_ant_pan,j_ant_tilt,0.443879789099,1.5708131724,1.57076847483,8.08245071676e-05,-1.57071792773,3.09162623959,0.0,0.0
1552596338957710617,319,1552596338957170009,,j_shou_yaw,j_shou_pitch,j_prox_pitch,j_dist_pitch,j_hand_yaw,j_scoop_yaw,j_ant_pan,j_ant_tilt,0.443879789099,1.5708131724,1.57076847483,8.08245071676e-05,-1.57071792773,3.09162623959,0.0,0.0
1552596339059298584,320,1552596339058310985,,j_shou_yaw,j_shou_pitch,j_prox_pitch,j_dist_pitch,j_hand_yaw,j_scoop_yaw,j_ant_pan,j_ant_tilt,0.443879789099,1.5708131724,1.57076847483,8.08245071676e-05,-1.57071792773,3.09162623959,0.0,0.0
1552596339157742924,321,1552596339157201051,,j_shou_yaw,j_shou_pitch,j_prox_pitch,j_dist_pitch,j_hand_yaw,j_scoop_yaw,j_ant_pan,j_ant_tilt,0.443879789099,1.5708131724,1.57076847483,8.08245071676e-05,-1.57071792773,3.09162623959,0.0,0.0
1552596339258496134,322,1552596339257934093,,j_shou_yaw,j_shou_pitch,j_prox_pitch,j_dist_pitch,j_hand_yaw,j_scoop_yaw,j_ant_pan,j_ant_tilt,0.443879789099,1.5708131724,1.57076847483,8.08245071676e-05,-1.57071792773,3.09162623959,0.0,0.0
1552596339358409499,323,1552596339357707023,,j_shou_yaw,j_shou_pitch,j_prox_pitch,j_dist_pitch,j_hand_yaw,j_scoop_yaw,j_ant_pan,j_ant_tilt,0.443879789099,1.5708131724,1.57076847483,8.08245071676e-05,-1.57071792773,3.09162623959,0.0,0.0
1552596339458608701,324,1552596339458178043,,j_shou_yaw,j_shou_pitch,j_prox_pitch,j_dist_pitch,j_hand_yaw,j_scoop_yaw,j_ant_pan,j_ant_tilt,0.443879789177,1.57081317222,1.57076847483,8.08248224324e-05,-1.57072358833,3.09162623976,0.0,0.0
1552596339557842077,325,1552596339557333946,,j_shou_yaw,j_shou_pitch,j_prox_pitch,j_dist_pitch,j_hand_yaw,j_scoop_yaw,j_ant_pan,j_ant_tilt,0.443880172349,1.57081225699,1.57076847354,8.23714823092e-05,-1.598493972,3.09162705831,0.0,0.0
1552596339657684016,326,1552596339657100915,,j_shou_yaw,j_shou_pitch,j_prox_pitch,j_dist_pitch,j_hand_yaw,j_scoop_yaw,j_ant_pan,j_ant_tilt,0.443880554698,1.57081134372,1.57076847224,8.39148223936e-05,-1.62620474858,3.0916278751,0.0,0.0
1552596339758394266,327,1552596339757966995,,j_shou_yaw,j_shou_pitch,j_prox_pitch,j_dist_pitch,j_hand_yaw,j_scoop_yaw,j_ant_pan,j_ant_tilt,0.443880936372,1.57081043206,1.57076847095,8.54554407093e-05,-1.65386665562,3.09162869046,0.0,0.0
1552596339858584895,328,1552596339858117103,,j_shou_yaw,j_shou_pitch,j_prox_pitch,j_dist_pitch,j_hand_yaw,j_scoop_yaw,j_ant_pan,j_ant_tilt,0.44388132067,1.57080951414,1.57076846964,8.70066488854e-05,-1.68171870432,3.09162951142,0.0,0.0
1552596339957618632,329,1552596339957089900,,j_shou_yaw,j_shou_pitch,j_prox_pitch,j_dist_pitch,j_hand_yaw,j_scoop_yaw,j_ant_pan,j_ant_tilt,0.443881700752,1.57080860629,1.57076846835,8.85408385592e-05,-1.70926518465,3.09163032337,0.0,0.0
1552596340057697554,330,1552596340057025909,,j_shou_yaw,j_shou_pitch,j_prox_pitch,j_dist_pitch,j_hand_yaw,j_scoop_yaw,j_ant_pan,j_ant_tilt,0.443882266069,1.57080725599,1.57076846644,9.08227232748e-05,-1.7502365805,3.09163153103,0.0,0.0
1552596340158262883,331,1552596340157659053,,j_shou_yaw,j_shou_pitch,j_prox_pitch,j_dist_pitch,j_hand_yaw,j_scoop_yaw,j_ant_pan,j_ant_tilt,0.443883189605,1.57080505006,1.57076846331,9.45505494699e-05,-1.81716995432,3.09163350394,0.0,0.0
1552596340258536139,332,1552596340257814884,,j_shou_yaw,j_shou_pitch,j_prox_pitch,j_dist_pitch,j_hand_yaw,j_scoop_yaw,j_ant_pan,j_ant_tilt,0.443884121999,1.57080282297,1.57076846015,9.83141298082e-05,-1.88474529623,3.09163549577,0.0,0.0
1552596340358615485,333,1552596340358026027,,j_shou_yaw,j_shou_pitch,j_prox_pitch,j_dist_pitch,j_hand_yaw,j_scoop_yaw,j_ant_pan,j_ant_tilt,0.443885311358,1.57079998211,1.57076845611,0.000103114941968,-1.97094420631,3.09163803654,0.0,0.0
1552596340458508061,334,1552596340457146883,,j_shou_yaw,j_shou_pitch,j_prox_pitch,j_dist_pitch,j_hand_yaw,j_scoop_yaw,j_ant_pan,j_ant_tilt,0.443886535903,1.5707970572,1.57076845196,0.000108057779627,-2.05969319391,3.09164065248,0.0,0.0
1552596340558221971,335,1552596340557540893,,j_shou_yaw,j_shou_pitch,j_prox_pitch,j_dist_pitch,j_hand_yaw,j_scoop_yaw,j_ant_pan,j_ant_tilt,0.443887909254,1.57079377685,1.57076844731,0.000113601270698,-2.15922695454,3.09164358631,0.0,0.0
1552596340659259018,336,1552596340657874107,,j_shou_yaw,j_shou_pitch,j_prox_pitch,j_dist_pitch,j_hand_yaw,j_scoop_yaw,j_ant_pan,j_ant_tilt,0.443889289475,1.5707904801,1.57076844263,0.000119172490062,-2.25925857855,3.09164653481,0.0,0.0
1552596340758305142,337,1552596340757631063,,j_shou_yaw,j_shou_pitch,j_prox_pitch,j_dist_pitch,j_hand_yaw,j_scoop_yaw,j_ant_pan,j_ant_tilt,0.443890671811,1.5707871783,1.57076843794,0.000124752248754,-2.35944352679,3.09164948783,0.0,0.0
1552596340858155322,338,1552596340857492923,,j_shou_yaw,j_shou_pitch,j_prox_pitch,j_dist_pitch,j_hand_yaw,j_scoop_yaw,j_ant_pan,j_ant_tilt,0.44389204666,1.57078389437,1.57076843328,0.000130301786809,-2.45908586142,3.09165242486,0.0,0.0
1552596340958196818,339,1552596340957374095,,j_shou_yaw,j_shou_pitch,j_prox_pitch,j_dist_pitch,j_hand_yaw,j_scoop_yaw,j_ant_pan,j_ant_tilt,0.443893427738,1.57078059557,1.5707684286,0.000135876466193,-2.55917961034,3.0916553752,0.0,0.0
1552596341058275045,340,1552596341057257890,,j_shou_yaw,j_shou_pitch,j_prox_pitch,j_dist_pitch,j_hand_yaw,j_scoop_yaw,j_ant_pan,j_ant_tilt,0.443894806919,1.5707773013,1.57076842393,0.000141443491658,-2.65913593261,3.09165832148,0.0,0.0
1552596341158011201,341,1552596341157566070,,j_shou_yaw,j_shou_pitch,j_prox_pitch,j_dist_pitch,j_hand_yaw,j_scoop_yaw,j_ant_pan,j_ant_tilt,0.443896018039,1.57077440846,1.57076841982,0.000146332142081,-2.74691198469,3.09166090874,0.0,0.0
1552596341258334737,342,1552596341257431983,,j_shou_yaw,j_shou_pitch,j_prox_pitch,j_dist_pitch,j_hand_yaw,j_scoop_yaw,j_ant_pan,j_ant_tilt,0.443897189117,1.57077161126,1.57076841585,0.000151059163542,-2.83178597774,3.09166341046,0.0,0.0
1552596341359029318,343,1552596341357794046,,j_shou_yaw,j_shou_pitch,j_prox_pitch,j_dist_pitch,j_hand_yaw,j_scoop_yaw,j_ant_pan,j_ant_tilt,0.4438981194,1.57076938922,1.5707684127,0.000154814220745,-2.89920828617,3.09166539778,0.0,0.0
1552596341458609720,344,1552596341458045005,,j_shou_yaw,j_shou_pitch,j_prox_pitch,j_dist_pitch,j_hand_yaw,j_scoop_yaw,j_ant_pan,j_ant_tilt,0.443899046092,1.57076717575,1.57076840956,0.000158554784323,-2.96637036058,3.09166737743,0.0,0.0
1552596341558745014,345,1552596341557482004,,j_shou_yaw,j_shou_pitch,j_prox_pitch,j_dist_pitch,j_hand_yaw,j_scoop_yaw,j_ant_pan,j_ant_tilt,0.443899575482,1.57076591126,1.57076840776,0.000160691654529,-3.00473801101,3.09166850835,0.0,0.0
1552596341659115047,346,1552596341658602952,,j_shou_yaw,j_shou_pitch,j_prox_pitch,j_dist_pitch,j_hand_yaw,j_scoop_yaw,j_ant_pan,j_ant_tilt,0.443899954139,1.57076500682,1.57076840648,0.000162220090261,-3.03218117891,3.09166931725,0.0,0.0
1552596341757658780,347,1552596341757172107,,j_shou_yaw,j_shou_pitch,j_prox_pitch,j_dist_pitch,j_hand_yaw,j_scoop_yaw,j_ant_pan,j_ant_tilt,0.443900337898,1.57076409018,1.57076840518,0.000163769123873,-3.05999418317,3.09167013706,0.0,0.0
1552596341858050797,348,1552596341857428073,,j_shou_yaw,j_shou_pitch,j_prox_pitch,j_dist_pitch,j_hand_yaw,j_scoop_yaw,j_ant_pan,j_ant_tilt,0.443900719393,1.57076317895,1.57076840388,0.000165309015591,-3.08764304409,3.09167095203,0.0,0.0
1552596341958496481,349,1552596341957904100,,j_shou_yaw,j_shou_pitch,j_prox_pitch,j_dist_pitch,j_hand_yaw,j_scoop_yaw,j_ant_pan,j_ant_tilt,0.443901102378,1.57076226417,1.57076840259,0.000166854922473,-3.11539990769,3.09167177018,0.0,0.0
1552596342058002540,350,1552596342057429075,,j_shou_yaw,j_shou_pitch,j_prox_pitch,j_dist_pitch,j_hand_yaw,j_scoop_yaw,j_ant_pan,j_ant_tilt,0.44390146354,1.57076140151,1.57076840136,0.000168312742282,-3.14157516189,3.09167254172,0.0,0.0
1552596342158531930,351,1552596342158081054,,j_shou_yaw,j_shou_pitch,j_prox_pitch,j_dist_pitch,j_hand_yaw,j_scoop_yaw,j_ant_pan,j_ant_tilt,0.44390146354,1.57076140151,1.57076840136,0.000168312742282,-3.14157516189,3.09167254172,0.0,0.0
1552596342258295288,352,1552596342257858991,,j_shou_yaw,j_shou_pitch,j_prox_pitch,j_dist_pitch,j_hand_yaw,j_scoop_yaw,j_ant_pan,j_ant_tilt,0.44390146354,1.57076140151,1.57076840136,0.000168312742282,-3.14157516189,3.09167254172,0.0,0.0
1552596342358962533,353,1552596342357949972,,j_shou_yaw,j_shou_pitch,j_prox_pitch,j_dist_pitch,j_hand_yaw,j_scoop_yaw,j_ant_pan,j_ant_tilt,0.44390146354,1.57076140151,1.57076840136,0.000168312742282,-3.14157516189,3.09167254172,0.0,0.0
1552596342458165004,354,1552596342457568883,,j_shou_yaw,j_shou_pitch,j_prox_pitch,j_dist_pitch,j_hand_yaw,j_scoop_yaw,j_ant_pan,j_ant_tilt,0.44390146354,1.57076140151,1.57076840136,0.000168312742282,-3.14157516189,3.09167254172,0.0,0.0
1552596342558206007,355,1552596342557421922,,j_shou_yaw,j_shou_pitch,j_prox_pitch,j_dist_pitch,j_hand_yaw,j_scoop_yaw,j_ant_pan,j_ant_tilt,0.44390146354,1.57076140151,1.57076840136,0.000168312742282,-3.14157516189,3.09167254172,0.0,0.0
1552596342664370129,356,1552596342662691116,,j_shou_yaw,j_shou_pitch,j_prox_pitch,j_dist_pitch,j_hand_yaw,j_scoop_yaw,j_ant_pan,j_ant_tilt,0.44390146354,1.57076140151,1.57076840136,0.000168312742282,-3.14157516189,3.09167254172,0.0,0.0
1552596342758128129,357,1552596342757287025,,j_shou_yaw,j_shou_pitch,j_prox_pitch,j_dist_pitch,j_hand_yaw,j_scoop_yaw,j_ant_pan,j_ant_tilt,0.443901462941,1.57076140092,1.57076840175,0.000168312411357,-3.14160701664,3.09167253958,0.0,0.0
1552596342859255162,358,1552596342858505964,,j_shou_yaw,j_shou_pitch,j_prox_pitch,j_dist_pitch,j_hand_yaw,j_scoop_yaw,j_ant_pan,j_ant_tilt,0.443900936658,1.57076088524,1.57076874201,0.000168021676324,-3.16959316143,3.09167065808,0.0,0.0
1552596342958242287,359,1552596342957454919,,j_shou_yaw,j_shou_pitch,j_prox_pitch,j_dist_pitch,j_hand_yaw,j_scoop_yaw,j_ant_pan,j_ant_tilt,0.443900419699,1.57076037869,1.57076907624,0.000167736091939,-3.197083505,3.09166880991,0.0,0.0
1552596343058333319,360,1552596343057364940,,j_shou_yaw,j_shou_pitch,j_prox_pitch,j_dist_pitch,j_hand_yaw,j_scoop_yaw,j_ant_pan,j_ant_tilt,0.443899897772,1.57075986727,1.57076941369,0.000167447763406,-3.2248380001,3.09166694398,0.0,0.0
1552596343158318033,361,1552596343157463073,,j_shou_yaw,j_shou_pitch,j_prox_pitch,j_dist_pitch,j_hand_yaw,j_scoop_yaw,j_ant_pan,j_ant_tilt,0.443899372074,1.57075935216,1.57076975357,0.000167157351188,-3.25279307073,3.09166506457,0.0,0.0
1552596343257657751,362,1552596343257046937,,j_shou_yaw,j_shou_pitch,j_prox_pitch,j_dist_pitch,j_hand_yaw,j_scoop_yaw,j_ant_pan,j_ant_tilt,0.443898856398,1.57075884687,1.57077008698,0.000166872476003,-3.28021514667,3.09166322099,0.0,0.0
1552596343358192667,363,1552596343357497930,,j_shou_yaw,j_shou_pitch,j_prox_pitch,j_dist_pitch,j_hand_yaw,j_scoop_yaw,j_ant_pan,j_ant_tilt,0.443898079592,1.5707580857,1.57077058921,0.000166443344083,-3.32152337122,3.09166044385,0.0,0.0
1552596343457534277,364,1552596343457035064,,j_shou_yaw,j_shou_pitch,j_prox_pitch,j_dist_pitch,j_hand_yaw,j_scoop_yaw,j_ant_pan,j_ant_tilt,0.443896823251,1.57075685466,1.57077140149,0.000165749301801,-3.38833185858,3.09165595234,0.0,0.0
1552596343558382585,365,1552596343557617902,,j_shou_yaw,j_shou_pitch,j_prox_pitch,j_dist_pitch,j_hand_yaw,j_scoop_yaw,j_ant_pan,j_ant_tilt,0.443895561857,1.57075561867,1.57077221703,0.000165052468417,-3.45540901726,3.09165144276,0.0,0.0
1552596343657723229,366,1552596343657187938,,j_shou_yaw,j_shou_pitch,j_prox_pitch,j_dist_pitch,j_hand_yaw,j_scoop_yaw,j_ant_pan,j_ant_tilt,0.443893947813,1.57075403713,1.57077326057,0.000164160820375,-3.54123902856,3.09164567243,0.0,0.0
1552596343758061016,367,1552596343757505893,,j_shou_yaw,j_shou_pitch,j_prox_pitch,j_dist_pitch,j_hand_yaw,j_scoop_yaw,j_ant_pan,j_ant_tilt,0.443892206745,1.57075233112,1.57077438623,0.000163198999951,-3.6338238311,3.09163944798,0.0,0.0
1552596343859057557,368,1552596343858354091,,j_shou_yaw,j_shou_pitch,j_prox_pitch,j_dist_pitch,j_hand_yaw,j_scoop_yaw,j_ant_pan,j_ant_tilt,0.443890394619,1.57075055548,1.57077555784,0.000162197925095,-3.73018726394,3.0916329695,0.0,0.0
1552596343958327333,369,1552596343957899093,,j_shou_yaw,j_shou_pitch,j_prox_pitch,j_dist_pitch,j_hand_yaw,j_scoop_yaw,j_ant_pan,j_ant_tilt,0.44388852144,1.57074872002,1.57077676893,0.00016116312276,-3.82979730278,3.09162627275,0.0,0.0
1552596344058051273,370,1552596344057538986,,j_shou_yaw,j_shou_pitch,j_prox_pitch,j_dist_pitch,j_hand_yaw,j_scoop_yaw,j_ant_pan,j_ant_tilt,0.443886642643,1.57074687906,1.57077798364,0.000160125216207,-3.92970615362,3.0916195559,0.0,0.0
1552596344157955882,371,1552596344157164096,,j_shou_yaw,j_shou_pitch,j_prox_pitch,j_dist_pitch,j_hand_yaw,j_scoop_yaw,j_ant_pan,j_ant_tilt,0.443884751268,1.57074502577,1.57077920649,0.00015908036203,-4.03028378246,3.0916127941,0.0,0.0
1552596344257554608,372,1552596344256954908,,j_shou_yaw,j_shou_pitch,j_prox_pitch,j_dist_pitch,j_hand_yaw,j_scoop_yaw,j_ant_pan,j_ant_tilt,0.443882880803,1.57074319297,1.57078041582,0.000158047058435,-4.1297495526,3.09160610704,0.0,0.0
1552596344358480738,373,1552596344357964038,,j_shou_yaw,j_shou_pitch,j_prox_pitch,j_dist_pitch,j_hand_yaw,j_scoop_yaw,j_ant_pan,j_ant_tilt,0.443880981685,1.5707413321,1.57078164367,0.000156997926835,-4.23073892608,3.09159931756,0.0,0.0
1552596344457611757,374,1552596344457053899,,j_shou_yaw,j_shou_pitch,j_prox_pitch,j_dist_pitch,j_hand_yaw,j_scoop_yaw,j_ant_pan,j_ant_tilt,0.443879337489,1.57073972101,1.5707827067,0.000156089621405,-4.31817237704,3.09159343943,0.0,0.0
1552596344557710815,375,1552596344557178974,,j_shou_yaw,j_shou_pitch,j_prox_pitch,j_dist_pitch,j_hand_yaw,j_scoop_yaw,j_ant_pan,j_ant_tilt,0.443877753107,1.57073816853,1.57078373107,0.000155214359396,-4.40242506926,3.09158777515,0.0,0.0
1552596344657743753,376,1552596344657143115,,j_shou_yaw,j_shou_pitch,j_prox_pitch,j_dist_pitch,j_hand_yaw,j_scoop_yaw,j_ant_pan,j_ant_tilt,0.44387647658,1.57073691771,1.57078455639,0.000154509165917,-4.4703069705,3.09158321147,0.0,0.0
1552596344757734469,377,1552596344757167100,,j_shou_yaw,j_shou_pitch,j_prox_pitch,j_dist_pitch,j_hand_yaw,j_scoop_yaw,j_ant_pan,j_ant_tilt,0.443875227326,1.57073569362,1.57078536408,0.00015381903918,-4.53673854761,3.09157874529,0.0,0.0
1552596344857671721,378,1552596344857142925,,j_shou_yaw,j_shou_pitch,j_prox_pitch,j_dist_pitch,j_hand_yaw,j_scoop_yaw,j_ant_pan,j_ant_tilt,0.443874500546,1.57073498147,1.57078583397,0.000153417543011,-4.57538655562,3.091576147,0.0,0.0
1552596344957966098,379,1552596344957417964,,j_shou_yaw,j_shou_pitch,j_prox_pitch,j_dist_pitch,j_hand_yaw,j_scoop_yaw,j_ant_pan,j_ant_tilt,0.44387397837,1.57073446981,1.57078617158,0.00015312907688,-4.603154296,3.09157428018,0.0,0.0
1552596345057926166,380,1552596345057447910,,j_shou_yaw,j_shou_pitch,j_prox_pitch,j_dist_pitch,j_hand_yaw,j_scoop_yaw,j_ant_pan,j_ant_tilt,0.443873457382,1.57073395931,1.57078650842,0.000152841266959,-4.63085886951,3.09157241761,0.0,0.0
1552596345158142076,381,1552596345157505989,,j_shou_yaw,j_shou_pitch,j_prox_pitch,j_dist_pitch,j_hand_yaw,j_scoop_yaw,j_ant_pan,j_ant_tilt,0.443872936875,1.57073344929,1.57078684495,0.000152553722404,-4.658537899,3.09157055676,0.0,0.0
1552596345257586842,382,1552596345257000923,,j_shou_yaw,j_shou_pitch,j_prox_pitch,j_dist_pitch,j_hand_yaw,j_scoop_yaw,j_ant_pan,j_ant_tilt,0.443872414958,1.57073293788,1.57078718239,0.000152265399204,-4.68629188081,3.09156869087,0.0,0.0
1552596345358275307,383,1552596345357686996,,j_shou_yaw,j_shou_pitch,j_prox_pitch,j_dist_pitch,j_hand_yaw,j_scoop_yaw,j_ant_pan,j_ant_tilt,0.443871923402,1.57073245622,1.5707875002,0.00015199384843,-4.71243134937,3.09156693352,0.0,0.0
1552596345458037053,384,1552596345457379102,,j_shou_yaw,j_shou_pitch,j_prox_pitch,j_dist_pitch,j_hand_yaw,j_scoop_yaw,j_ant_pan,j_ant_tilt,0.443871923402,1.57073245622,1.5707875002,0.00015199384843,-4.71243134937,3.09156693352,0.0,0.0
1552596345558464699,385,1552596345557965993,,j_shou_yaw,j_shou_pitch,j_prox_pitch,j_dist_pitch,j_hand_yaw,j_scoop_yaw,j_ant_pan,j_ant_tilt,0.443871923402,1.57073245622,1.5707875002,0.00015199384843,-4.71243134937,3.09156693352,0.0,0.0
1552596345657666731,386,1552596345657119989,,j_shou_yaw,j_shou_pitch,j_prox_pitch,j_dist_pitch,j_hand_yaw,j_scoop_yaw,j_ant_pan,j_ant_tilt,0.443871923402,1.57073245622,1.5707875002,0.00015199384843,-4.71243134937,3.09156693352,0.0,0.0
1552596345758496886,387,1552596345757795095,,j_shou_yaw,j_shou_pitch,j_prox_pitch,j_dist_pitch,j_hand_yaw,j_scoop_yaw,j_ant_pan,j_ant_tilt,0.443871923402,1.57073245622,1.5707875002,0.00015199384843,-4.71243134937,3.09156693352,0.0,0.0
1552596345858876186,388,1552596345858295917,,j_shou_yaw,j_shou_pitch,j_prox_pitch,j_dist_pitch,j_hand_yaw,j_scoop_yaw,j_ant_pan,j_ant_tilt,0.443871923402,1.57073245622,1.5707875002,0.00015199384843,-4.71243134937,3.09156693352,0.0,0.0
1552596345958171035,389,1552596345957567930,,j_shou_yaw,j_shou_pitch,j_prox_pitch,j_dist_pitch,j_hand_yaw,j_scoop_yaw,j_ant_pan,j_ant_tilt,0.443871923402,1.57073245622,1.5707875002,0.00015199384843,-4.71243134937,3.09156693352,0.0,0.0
1552596346057777567,390,1552596346057091951,,j_shou_yaw,j_shou_pitch,j_prox_pitch,j_dist_pitch,j_hand_yaw,j_scoop_yaw,j_ant_pan,j_ant_tilt,0.443871923402,1.57073245622,1.5707875002,0.00015199384843,-4.71243134937,3.09156693352,0.0,0.0
1552596346158094621,391,1552596346157432079,,j_shou_yaw,j_shou_pitch,j_prox_pitch,j_dist_pitch,j_hand_yaw,j_scoop_yaw,j_ant_pan,j_ant_tilt,0.443871923402,1.57073245622,1.5707875002,0.00015199384843,-4.71243134937,3.09156693352,0.0,0.0
1552596346257694991,392,1552596346257020950,,j_shou_yaw,j_shou_pitch,j_prox_pitch,j_dist_pitch,j_hand_yaw,j_scoop_yaw,j_ant_pan,j_ant_tilt,0.443871923402,1.57073245622,1.5707875002,0.00015199384843,-4.71243134937,3.09156693352,0.0,0.0
1552596346358760474,393,1552596346358130931,,j_shou_yaw,j_shou_pitch,j_prox_pitch,j_dist_pitch,j_hand_yaw,j_scoop_yaw,j_ant_pan,j_ant_tilt,0.443871923402,1.57073245622,1.5707875002,0.00015199384843,-4.71243134937,3.09156693352,0.0,0.0
1552596346458293063,394,1552596346457678079,,j_shou_yaw,j_shou_pitch,j_prox_pitch,j_dist_pitch,j_hand_yaw,j_scoop_yaw,j_ant_pan,j_ant_tilt,0.443871923402,1.57073245622,1.5707875002,0.00015199384843,-4.71243134937,3.09156693352,0.0,0.0
1552596346557610845,395,1552596346557049036,,j_shou_yaw,j_shou_pitch,j_prox_pitch,j_dist_pitch,j_hand_yaw,j_scoop_yaw,j_ant_pan,j_ant_tilt,0.443871923402,1.57073245622,1.5707875002,0.00015199384843,-4.71243134937,3.09156693352,0.0,0.0
1552596346657685437,396,1552596346657201051,,j_shou_yaw,j_shou_pitch,j_prox_pitch,j_dist_pitch,j_hand_yaw,j_scoop_yaw,j_ant_pan,j_ant_tilt,0.443871923402,1.57073245622,1.5707875002,0.00015199384843,-4.71243134937,3.09156693352,0.0,0.0
1552596346758637040,397,1552596346758009910,,j_shou_yaw,j_shou_pitch,j_prox_pitch,j_dist_pitch,j_hand_yaw,j_scoop_yaw,j_ant_pan,j_ant_tilt,0.443871923402,1.57073245622,1.5707875002,0.00015199384843,-4.71243134937,3.09156693352,0.0,0.0
1552596346857735124,398,1552596346857064962,,j_shou_yaw,j_shou_pitch,j_prox_pitch,j_dist_pitch,j_hand_yaw,j_scoop_yaw,j_ant_pan,j_ant_tilt,0.443871923402,1.57073245622,1.5707875002,0.00015199384843,-4.71243134937,3.09156693352,0.0,0.0
1552596346958502642,399,1552596346957868099,,j_shou_yaw,j_shou_pitch,j_prox_pitch,j_dist_pitch,j_hand_yaw,j_scoop_yaw,j_ant_pan,j_ant_tilt,0.443871923402,1.57073245622,1.5707875002,0.00015199384843,-4.71243134937,3.09156693352,0.0,0.0
1552596347057683754,400,1552596347057168960,,j_shou_yaw,j_shou_pitch,j_prox_pitch,j_dist_pitch,j_hand_yaw,j_scoop_yaw,j_ant_pan,j_ant_tilt,0.443871923402,1.57073245622,1.5707875002,0.00015199384843,-4.71243134937,3.09156693352,0.0,0.0
1552596347157534733,401,1552596347157023906,,j_shou_yaw,j_shou_pitch,j_prox_pitch,j_dist_pitch,j_hand_yaw,j_scoop_yaw,j_ant_pan,j_ant_tilt,0.443871923402,1.57073245622,1.5707875002,0.00015199384843,-4.71243134937,3.09156693352,0.0,0.0
1552596347258711751,402,1552596347257949113,,j_shou_yaw,j_shou_pitch,j_prox_pitch,j_dist_pitch,j_hand_yaw,j_scoop_yaw,j_ant_pan,j_ant_tilt,0.443871923402,1.57073245622,1.5707875002,0.00015199384843,-4.71243134937,3.09156693352,0.0,0.0
1552596347357751637,403,1552596347357249975,,j_shou_yaw,j_shou_pitch,j_prox_pitch,j_dist_pitch,j_hand_yaw,j_scoop_yaw,j_ant_pan,j_ant_tilt,0.443871923402,1.57073245622,1.5707875002,0.00015199384843,-4.71243134937,3.09156693352,0.0,0.0
1552596347457655699,404,1552596347457178115,,j_shou_yaw,j_shou_pitch,j_prox_pitch,j_dist_pitch,j_hand_yaw,j_scoop_yaw,j_ant_pan,j_ant_tilt,0.443871923402,1.57073245622,1.5707875002,0.00015199384843,-4.71243134937,3.09156693352,0.0,0.0
1552596347558361872,405,1552596347557856082,,j_shou_yaw,j_shou_pitch,j_prox_pitch,j_dist_pitch,j_hand_yaw,j_scoop_yaw,j_ant_pan,j_ant_tilt,0.443871923402,1.57073245622,1.5707875002,0.00015199384843,-4.71243134937,3.09156693352,0.0,0.0
1552596347658080880,406,1552596347657356023,,j_shou_yaw,j_shou_pitch,j_prox_pitch,j_dist_pitch,j_hand_yaw,j_scoop_yaw,j_ant_pan,j_ant_tilt,0.443871923402,1.57073245622,1.5707875002,0.00015199384843,-4.71243134937,3.09156693352,0.0,0.0
1552596347757730521,407,1552596347757230043,,j_shou_yaw,j_shou_pitch,j_prox_pitch,j_dist_pitch,j_hand_yaw,j_scoop_yaw,j_ant_pan,j_ant_tilt,0.443871923402,1.57073245622,1.5707875002,0.00015199384843,-4.71243134937,3.09156693352,0.0,0.0
1552596347857750203,408,1552596347857283115,,j_shou_yaw,j_shou_pitch,j_prox_pitch,j_dist_pitch,j_hand_yaw,j_scoop_yaw,j_ant_pan,j_ant_tilt,0.443871923402,1.57073245622,1.5707875002,0.00015199384843,-4.71243134937,3.09156693352,0.0,0.0
1552596347958007910,409,1552596347957451105,,j_shou_yaw,j_shou_pitch,j_prox_pitch,j_dist_pitch,j_hand_yaw,j_scoop_yaw,j_ant_pan,j_ant_tilt,0.443871923402,1.57073245622,1.5707875002,0.00015199384843,-4.71243134937,3.09156693352,0.0,0.0
1552596348057958060,410,1552596348057432889,,j_shou_yaw,j_shou_pitch,j_prox_pitch,j_dist_pitch,j_hand_yaw,j_scoop_yaw,j_ant_pan,j_ant_tilt,0.443871923402,1.57073245622,1.5707875002,0.00015199384843,-4.71243134937,3.09156693352,0.0,0.0
1552596348157729501,411,1552596348157113075,,j_shou_yaw,j_shou_pitch,j_prox_pitch,j_dist_pitch,j_hand_yaw,j_scoop_yaw,j_ant_pan,j_ant_tilt,0.443871923402,1.57073245622,1.5707875002,0.00015199384843,-4.71243134937,3.09156693352,0.0,0.0
1552596348258001960,412,1552596348257359981,,j_shou_yaw,j_shou_pitch,j_prox_pitch,j_dist_pitch,j_hand_yaw,j_scoop_yaw,j_ant_pan,j_ant_tilt,0.443871923402,1.57073245622,1.5707875002,0.00015199384843,-4.71243134937,3.09156693352,0.0,0.0
1552596348357938911,413,1552596348357357025,,j_shou_yaw,j_shou_pitch,j_prox_pitch,j_dist_pitch,j_hand_yaw,j_scoop_yaw,j_ant_pan,j_ant_tilt,0.443871923402,1.57073245622,1.5707875002,0.00015199384843,-4.71243134937,3.09156693352,0.0,0.0
1552596348457600438,414,1552596348457025051,,j_shou_yaw,j_shou_pitch,j_prox_pitch,j_dist_pitch,j_hand_yaw,j_scoop_yaw,j_ant_pan,j_ant_tilt,0.443871923402,1.57073245622,1.5707875002,0.00015199384843,-4.71243134937,3.09156693352,0.0,0.0
1552596348558855543,415,1552596348558135986,,j_shou_yaw,j_shou_pitch,j_prox_pitch,j_dist_pitch,j_hand_yaw,j_scoop_yaw,j_ant_pan,j_ant_tilt,0.443871923402,1.57073245622,1.5707875002,0.00015199384843,-4.71243134937,3.09156693352,0.0,0.0
1552596348658487059,416,1552596348657877922,,j_shou_yaw,j_shou_pitch,j_prox_pitch,j_dist_pitch,j_hand_yaw,j_scoop_yaw,j_ant_pan,j_ant_tilt,0.443871923402,1.57073245622,1.5707875002,0.00015199384843,-4.71243134937,3.09156693352,0.0,0.0
1552596348757767844,417,1552596348757081031,,j_shou_yaw,j_shou_pitch,j_prox_pitch,j_dist_pitch,j_hand_yaw,j_scoop_yaw,j_ant_pan,j_ant_tilt,0.443871923402,1.57073245622,1.5707875002,0.00015199384843,-4.71243134937,3.09156693352,0.0,0.0
1552596348857870550,418,1552596348857372045,,j_shou_yaw,j_shou_pitch,j_prox_pitch,j_dist_pitch,j_hand_yaw,j_scoop_yaw,j_ant_pan,j_ant_tilt,0.443871923402,1.57073245622,1.5707875002,0.00015199384843,-4.71243134937,3.09156693352,0.0,0.0
1552596348957828218,419,1552596348957331895,,j_shou_yaw,j_shou_pitch,j_prox_pitch,j_dist_pitch,j_hand_yaw,j_scoop_yaw,j_ant_pan,j_ant_tilt,0.443871923402,1.57073245622,1.5707875002,0.00015199384843,-4.71243134937,3.09156693352,0.0,0.0
1552596349058198374,420,1552596349057712078,,j_shou_yaw,j_shou_pitch,j_prox_pitch,j_dist_pitch,j_hand_yaw,j_scoop_yaw,j_ant_pan,j_ant_tilt,0.443871923402,1.57073245622,1.5707875002,0.00015199384843,-4.71243134937,3.09156693352,0.0,0.0
1552596349157567197,421,1552596349157154083,,j_shou_yaw,j_shou_pitch,j_prox_pitch,j_dist_pitch,j_hand_yaw,j_scoop_yaw,j_ant_pan,j_ant_tilt,0.443871923402,1.57073245622,1.5707875002,0.00015199384843,-4.71243134937,3.09156693352,0.0,0.0
1552596349258428344,422,1552596349257884025,,j_shou_yaw,j_shou_pitch,j_prox_pitch,j_dist_pitch,j_hand_yaw,j_scoop_yaw,j_ant_pan,j_ant_tilt,0.443871923402,1.57073245622,1.5707875002,0.00015199384843,-4.71243134937,3.09156693352,0.0,0.0
1552596349358430525,423,1552596349357865095,,j_shou_yaw,j_shou_pitch,j_prox_pitch,j_dist_pitch,j_hand_yaw,j_scoop_yaw,j_ant_pan,j_ant_tilt,0.443871923402,1.57073245622,1.5707875002,0.00015199384843,-4.71243134937,3.09156693352,0.0,0.0
1552596349458285187,424,1552596349457808017,,j_shou_yaw,j_shou_pitch,j_prox_pitch,j_dist_pitch,j_hand_yaw,j_scoop_yaw,j_ant_pan,j_ant_tilt,0.443871923402,1.57073245622,1.5707875002,0.00015199384843,-4.71243134937,3.09156693352,0.0,0.0
1552596349557961573,425,1552596349557466983,,j_shou_yaw,j_shou_pitch,j_prox_pitch,j_dist_pitch,j_hand_yaw,j_scoop_yaw,j_ant_pan,j_ant_tilt,0.443871923402,1.57073245622,1.5707875002,0.00015199384843,-4.71243134937,3.09156693352,0.0,0.0
1552596349658345979,426,1552596349657883882,,j_shou_yaw,j_shou_pitch,j_prox_pitch,j_dist_pitch,j_hand_yaw,j_scoop_yaw,j_ant_pan,j_ant_tilt,0.443871923402,1.57073245622,1.5707875002,0.00015199384843,-4.71243134937,3.09156693352,0.0,0.0
1552596349769204012,427,1552596349761868953,,j_shou_yaw,j_shou_pitch,j_prox_pitch,j_dist_pitch,j_hand_yaw,j_scoop_yaw,j_ant_pan,j_ant_tilt,0.443871923402,1.57073245622,1.5707875002,0.00015199384843,-4.71243134937,3.09156693352,0.0,0.0
